uid,entity_type,channel,facility_id,site_number,application_id,tx_type,erp_watts,antenna_id,antenna_rotation_degrees,rcamsl_meters,rcagl_meters,haat_meters,location_type,latitude,longitude,azimuth,circle_radius_meters,keyhole_radius_meters,geometry,parent_callsign,parent_facility_id,parent_latitude,parent_longitude,data_source
CH4364,TV_CA,25,3517,0,0,TX,96.000,0,0.0,665.0,20.0,0.0,POINT,49.037778,-118.444722,,,,,,,,,Canada
CISR-TV-1,TV_CA,7,1644,0,0,TX,56.000,0,0.0,0.0,0.0,0.0,POINT,49.009722,-118.391389,,,,,,,,,Canada
CKTN-TV-1,TV_CA,5,1671,0,0,TX,30.000,0,0.0,670.6,18.3,0.0,POINT,49.313889,-117.626111,,,,,,,,,Canada
CKTN-TV,TV_CA,8,1645,0,0,TX,18000.000,3682,0.0,1605.9,55.0,480.4,POINT,49.091667,-117.820556,,,,,,,,,Canada
CKTN-TV-4,TV_CA,12,4980,0,0,TX,50.000,0,0.0,2150.4,22.3,0.0,POINT,49.090278,-116.380278,,,,,,,,,Canada
CFCN-TV-12,TV_CA,8,2306,0,0,TX,71.000,0,0.0,1379.0,9.0,0.0,POINT,49.412500,-115.838611,,,,,,,,,Canada
CH4417,TV_CA,3,4874,0,0,TX,80.000,0,0.0,930.0,22.0,0.0,POINT,49.287500,-115.831667,,,,,,,,,Canada
CFCN-TV-9,TV_CA,5,4934,0,0,TX,446.000,2436,0.0,2213.0,22.9,1040.0,POINT,49.458333,-115.630278,,,,,,,,,Canada
CFCN-TV-11,TV_CA,6,2307,0,0,TX,50.000,0,0.0,1767.8,9.1,0.0,POINT,49.705000,-114.863889,,,,,,,,,Canada
CFCN-TV-10,TV_CA,3,2305,0,0,TX,23.000,0,0.0,1005.8,18.3,0.0,POINT,49.506944,-115.067500,,,,,,,,,Canada
XHEXT-TV,TV_MX,20,179908,0,1283288,TV,50000.000,0,0.0,39.0,0.0,1.0,POINT,32.445833,-114.775000,,,,,,,,,CDBS
XHEXT-TDT,TV_MX,25,190109,0,1480356,LD,830.000,0,0.0,71.0,0.0,0.0,POINT,32.445833,-114.775000,,,,,,,,,CDBS
XHBC,TV_MX,3,98433,0,304323,TV,83800.000,0,0.0,0.0,0.0,160.0,POINT,32.581389,-115.518611,,,,,,,,,CDBS
XHAQ,TV_MX,5,98588,0,304706,TV,54300.000,0,0.0,0.0,0.0,93.0,POINT,32.568333,-115.531389,,,,,,,,,CDBS
XHBM-DT,TV_MX,34,166094,0,1113478,DT,180000.000,98705,0.0,165.0,0.0,0.0,POINT,32.611389,-115.494167,,,,,,,,,CDBS
XHAQ-DT,TV_MX,28,165464,0,1086911,DT,550000.000,0,0.0,88.0,0.0,85.0,POINT,32.612778,-115.488056,,,,,,,,,CDBS
XHEXT-DT,TV_MX,25,165463,0,1086906,DT,550000.000,0,0.0,88.0,0.0,85.0,POINT,32.612778,-115.488056,,,,,,,,,CDBS
XHENE-TDT,TV_MX,16,190050,0,1459609,DT,70000.000,107339,0.0,153.0,0.0,0.0,POINT,31.873611,-116.630833,,,,,,,,,CDBS
XHENT-TDT,TV_MX,20,190025,0,1452531,DT,50000.000,107063,0.0,153.0,0.0,0.0,POINT,31.873611,-116.630833,,,,,,,,,CDBS
XHENT-TV,TV_MX,2,188870,0,1407162,TV,67300.000,0,0.0,108.0,0.0,0.0,POINT,31.873611,-116.630833,,,,,,,,,CDBS
XHDTV-TV,TV_MX,49,178674,0,1266807,TV,3881000.000,0,0.0,1220.0,0.0,687.0,POINT,32.313611,-116.664722,,,,,,,,,CDBS
XHTJB-TDT,TV_MX,46,190200,0,1487030,DT,100000.000,108295,0.0,555.6,0.0,0.0,POINT,32.473889,-116.896944,,,,,,,,,CDBS
XETV,TV_MX,6,97275,0,302265,TV,99250.000,0,0.0,409.0,0.0,258.0,POINT,32.500556,-117.041944,,,,,,,,,CDBS
XEWT,TV_MX,12,97215,0,302023,TV,325000.000,0,0.0,0.0,0.0,251.0,POINT,32.501389,-117.039722,,,,,,,,,CDBS
XETV-TDT,TV_MX,23,198112,0,1638713,LD,230.000,118614,0.0,295.0,0.0,0.0,POINT,32.442778,-117.026389,,,,,,,,,CDBS
XHAS-TV,TV_MX,33,178637,0,1265562,TV,2447000.000,0,0.0,397.0,0.0,0.0,POINT,32.504722,-117.040278,,,,,,,,,CDBS
XHJK-DT,TV_MX,28,183684,0,1341031,DT,350000.000,96635,0.0,382.0,0.0,270.0,POINT,32.502222,-117.039167,,,,,,,,,CDBS
XHTIT-TDT,TV_MX,29,183695,0,1341756,DT,350000.000,96713,0.0,382.0,0.0,270.0,POINT,32.502222,-117.039167,,,,,,,,,CDBS
XETV-DT,TV_MX,23,97644,0,302827,DT,200000.000,100222,0.0,414.0,0.0,0.0,POINT,32.501531,-117.039722,,,,,,,,,CDBS
XEWT-TDT,TV_MX,32,187086,0,1369508,DT,200000.000,100231,0.0,414.0,0.0,302.2,POINT,32.501531,-117.039722,,,,,,,,,CDBS
XHUAA-TDT,TV_MX,22,187094,0,1369560,DT,200000.000,100232,0.0,414.0,0.0,243.2,POINT,32.501531,-117.039722,,,,,,,,,CDBS
XHJK-TV,TV_MX,27,183433,0,1334939,TX,12120.000,0,0.0,49.0,0.0,0.0,POINT,32.380000,-117.071111,,,,,,,,,CDBS
XHTIT-TV,TV_MX,21,185686,0,1364511,TX,12170.000,0,0.0,41.0,0.0,-61.0,POINT,32.380000,-117.071111,,,,,,,,,CDBS
XHJK-TDT,TV_MX,28,189931,0,1445000,LD,510.000,106705,0.0,766.0,0.0,107.5,POINT,32.561667,-116.612222,,,,,,,,,CDBS
CJCH-TV-7,TV_CA,40,5014,0,0,TX,33000.000,2126,0.0,189.4,150.4,167.3,POINT,43.915556,-66.087778,,,,,,,,,Canada
CIHF-TV-10,TV_CA,45,5760,0,0,TX,66400.000,2658,0.0,189.4,150.4,167.3,POINT,43.915556,-66.087778,,,,,,,,,Canada
CIHF-DT-10,TV_CA,45,5760,0,0,DT,4900.000,9781,0.0,189.4,150.4,165.3,POINT,43.915556,-66.087778,,,,,,,,,Canada
CIHF-TV-9,TV_CA,10,5759,0,0,TX,3900.000,2660,0.0,150.6,89.0,113.2,POINT,43.769167,-65.349167,,,,,,,,,Canada
CIHF-DT-9,TV_CA,28,5759,0,0,DT,11300.000,9789,0.0,151.0,89.0,110.0,POINT,43.769167,-65.349167,,,,,,,,,Canada
CIHF-TV-6,TV_CA,9,4731,0,0,TX,13900.000,2138,0.0,258.0,110.0,164.5,POINT,44.388056,-64.678889,,,,,,,,,Canada
CIHF-DT-6,TV_CA,35,4731,0,0,DT,17500.000,9786,0.0,258.0,110.0,161.4,POINT,44.388056,-64.678889,,,,,,,,,Canada
CJCH-TV-6,TV_CA,6,5013,0,0,TX,100000.000,2142,0.0,295.1,167.3,192.9,POINT,44.340556,-65.108611,,,,,,,,,Canada
CJCH-TV-4,TV_CA,13,2857,0,0,TX,58.000,0,0.0,285.0,27.4,0.0,POINT,44.876389,-65.306389,,,,,,,,,Canada
CJCH-TV-1,TV_CA,10,5012,0,0,TX,18100.000,2143,0.0,302.6,103.6,270.0,POINT,45.203333,-64.400833,,,,,,,,,Canada
CIHF-DT-5,TV_CA,20,4733,0,0,DT,166000.000,9777,0.0,322.0,110.0,218.2,POINT,45.044167,-64.355278,,,,,,,,,Canada
CIHF-TV-5,TV_CA,20,4733,0,0,TX,336000.000,1144,0.0,322.0,110.0,221.7,POINT,45.044167,-64.355278,,,,,,,,,Canada
CH5660,TV_CA,23,3645,0,0,TX,0.000,0,0.0,0.0,30.0,0.0,POINT,45.204444,-63.742222,,,,,,,,,Canada
CIHF-TV-4,TV_CA,18,4732,0,0,TX,17900.000,2136,0.0,260.0,102.7,195.4,POINT,45.309722,-63.333611,,,,,,,,,Canada
CIHF-DT-4,TV_CA,18,4732,0,0,DT,3500.000,10109,0.0,260.0,102.7,191.5,POINT,45.309722,-63.333611,,,,,,,,,Canada
CJCH-TV-3,TV_CA,12,2521,0,0,TX,150.000,0,0.0,0.0,31.7,0.0,POINT,45.410278,-63.249444,,,,,,,,,Canada
CJCH-TV-2,TV_CA,12,2520,0,0,TX,150.000,0,0.0,175.3,42.7,0.0,POINT,45.410278,-63.249444,,,,,,,,,Canada
CJCH-DT,TV_CA,48,78,0,0,DT,400000.000,7967,0.0,273.9,143.3,211.5,POINT,44.646389,-63.660278,,,,,,,,,Canada
CBHT-DT,TV_CA,39,324,0,0,DT,157540.000,8157,0.0,329.1,207.0,266.5,POINT,44.650833,-63.656944,,,,,,,,,Canada
CIHF-DT,TV_CA,8,3657,0,0,DT,1000.000,8050,0.0,303.0,206.0,241.0,POINT,44.650833,-63.656944,,,,,,,,,Canada
CJCH-TV-5,TV_CA,2,4014,0,0,TX,1500.000,2137,0.0,115.8,79.3,70.7,POINT,44.924722,-62.497778,,,,,,,,,Canada
CJCH-TV-8,TV_CA,23,4015,0,0,TX,77.000,0,0.0,0.0,61.0,0.0,POINT,44.969444,-62.664167,,,,,,,,,Canada
CIHF-DT-8,TV_CA,34,5714,0,0,DT,3700.000,9779,0.0,328.7,99.3,185.0,POINT,45.481667,-62.563056,,,,,,,,,Canada
CIHF-TV-8,TV_CA,34,5714,0,0,TX,18800.000,2661,0.0,328.6,99.3,190.7,POINT,45.481667,-62.563056,,,,,,,,,Canada
CIHF-TV-15,TV_CA,21,6450,0,0,TX,37800.000,2980,0.0,363.6,89.2,225.0,POINT,45.642778,-62.124722,,,,,,,,,Canada
CJCB-TV-2,TV_CA,9,5016,0,0,TX,260000.000,2123,0.0,445.9,153.3,274.9,POINT,45.545833,-62.260000,,,,,,,,,Canada
CIHF-DT-14,TV_CA,42,6447,0,0,DT,6400.000,7984,0.0,199.0,100.4,146.0,POINT,46.364444,-63.410000,,,,,,,,,Canada
CKCW-DT-1,TV_CA,8,5020,0,0,DT,9600.000,8171,0.0,198.0,93.1,149.9,POINT,46.266944,-63.341111,,,,,,,,,Canada
CBCT-DT,TV_CA,13,711,0,0,DT,13030.000,8490,0.0,304.5,219.5,268.8,POINT,46.212222,-63.341389,,,,,,,,,Canada
CIVF-DT,TV_CA,12,2914,0,0,DT,46000.000,8748,0.0,266.7,91.4,148.2,POINT,49.391111,-67.470833,,,,,,,,,Canada
CFER-TV-2,TV_CA,5,2170,0,0,TX,100000.000,2449,0.0,419.6,150.9,284.4,POINT,50.171944,-66.738056,,,,,,,,,Canada
CFTF-DT-7,TV_CA,7,6438,0,0,DT,743.000,8280,0.0,366.5,150.9,225.4,POINT,50.171944,-66.737500,,,,,,,,,Canada
CIVG-DT,TV_CA,9,2915,0,0,DT,19000.000,8464,0.0,358.1,91.4,218.9,POINT,50.171667,-66.737778,,,,,,,,,Canada
CFTF-DT-5,TV_CA,9,6436,0,0,DT,727.000,8285,0.0,175.0,48.0,103.8,POINT,49.233611,-68.140278,,,,,,,,,Canada
CFTF-DT-4,TV_CA,4,6437,0,0,DT,1900.000,8288,0.0,224.0,67.5,143.9,POINT,48.808889,-69.007222,,,,,,,,,Canada
CKRT-DT-6,TV_CA,19,5608,0,0,DT,385.000,8609,0.0,145.6,39.9,47.3,POINT,48.105278,-69.169722,,,,,,,,,Canada
CFTF-DT-2,TV_CA,17,5097,0,0,DT,355.000,8292,0.0,145.6,39.9,47.3,POINT,48.105278,-69.169722,,,,,,,,,Canada
CIMT-DT-2,TV_CA,13,2060,0,0,DT,50.000,8248,0.0,148.9,40.9,50.6,POINT,48.105278,-69.169722,,,,,,,,,Canada
CFTF-DT-8,TV_CA,33,7086,0,0,DT,313.000,8277,0.0,123.0,62.0,87.9,POINT,48.316667,-69.428611,,,,,,,,,Canada
CIMT-DT-7,TV_CA,35,7085,0,0,DT,312.000,8261,0.0,123.0,78.4,87.9,POINT,48.316667,-69.428611,,,,,,,,,Canada
CJPC-DT,TV_CA,18,3952,0,0,DT,360.000,8275,0.0,230.0,28.0,118.2,POINT,48.427222,-68.487222,,,,,,,,,Canada
CJBR-DT,TV_CA,45,1086,0,0,DT,167540.000,8852,0.0,370.9,30.4,283.4,POINT,48.328056,-68.835000,,,,,,,,,Canada
CIVB-DT,TV_CA,22,2749,0,0,DT,136000.000,8423,0.0,648.9,88.1,460.5,POINT,48.467222,-68.210833,,,,,,,,,Canada
CFER-TV,TV_CA,11,1743,0,0,TX,325000.000,1925,0.0,627.6,88.1,432.8,POINT,48.467222,-68.214167,,,,,,,,,Canada
CHAU-DT-1,TV_CA,3,5594,0,0,DT,1567.000,8214,0.0,554.7,51.0,205.7,POINT,48.311389,-67.084167,,,,,,,,,Canada
CKCD-TV,TV_CA,7,5026,0,0,TX,1800.000,1769,0.0,385.5,70.4,245.9,POINT,48.082778,-66.580556,,,,,,,,,Canada
CIVK-DT,TV_CA,15,4120,0,0,DT,140000.000,8349,0.0,604.4,125.0,454.8,POINT,48.135556,-66.116111,,,,,,,,,Canada
CHAU-DT,TV_CA,5,2197,0,0,DT,9850.000,8206,0.0,633.4,124.9,482.8,POINT,48.135556,-66.117778,,,,,,,,,Canada
CFTF-DT-11,TV_CA,44,7297,0,0,DT,26000.000,8299,0.0,569.0,124.9,418.4,POINT,48.135556,-66.117778,,,,,,,,,Canada
CKAM-TV,TV_CA,12,5021,0,0,TX,230000.000,1770,0.0,854.9,241.7,424.9,POINT,47.455278,-66.417778,,,,,,,,,Canada
CIVK-DT-1,TV_CA,32,4040,0,0,DT,180000.000,8404,0.0,281.9,121.9,200.9,POINT,48.211389,-64.870556,,,,,,,,,Canada
CHAU-DT-3,TV_CA,10,2623,0,0,DT,21.000,8216,0.0,189.0,66.0,152.0,POINT,48.138889,-64.985278,,,,,,,,,Canada
CHAU-DT-4,TV_CA,26,2195,0,0,DT,184.000,8222,0.0,68.4,47.0,-22.3,POINT,48.356111,-64.684167,,,,,,,,,Canada
CHAU-DT-8,TV_CA,11,5597,0,0,DT,110.000,8236,0.0,179.0,42.7,30.4,POINT,49.190833,-64.890833,,,,,,,,,Canada
CHAU-DT-9,TV_CA,12,5598,0,0,DT,75.000,8232,0.0,181.0,36.5,54.1,POINT,49.074167,-64.536667,,,,,,,,,Canada
CIVK-DT-3,TV_CA,35,4126,0,0,DT,550.000,8808,0.0,454.0,100.5,424.5,POINT,48.833611,-64.256667,,,,,,,,,Canada
CHAU-DT-7,TV_CA,4,2198,0,0,DT,990.000,8227,0.0,361.2,43.0,228.0,POINT,48.997500,-64.431389,,,,,,,,,Canada
CFTF-DT-9,TV_CA,30,7833,0,0,DT,113.000,8294,0.0,183.4,42.0,124.6,POINT,48.837500,-64.492222,,,,,,,,,Canada
CHAU-DT-6,TV_CA,7,2196,0,0,DT,103.000,8224,0.0,191.9,42.0,84.6,POINT,48.837500,-64.492222,,,,,,,,,Canada
CHAU-DT-5(1),TV_CA,11,2199,0,0,DT,10375.000,9541,0.0,427.9,67.1,389.7,POINT,48.526667,-64.243611,,,,,,,,,Canada
CHAU-DT-5,TV_CA,13,2199,0,0,DT,10375.000,8240,0.0,427.9,67.1,389.7,POINT,48.526667,-64.243611,,,,,,,,,Canada
CIVK-DT-2,TV_CA,40,4125,0,0,DT,600.000,8804,0.0,445.0,67.1,405.4,POINT,48.527222,-64.243611,,,,,,,,,Canada
CHAU-DT-10,TV_CA,9,3678,0,0,DT,25.000,9598,0.0,75.0,51.0,60.0,POINT,47.507500,-64.940000,,,,,,,,,Canada
CKCW-TV-2,TV_CA,5,3082,0,0,TX,1100.000,1768,0.0,117.9,69.2,103.9,POINT,46.892778,-64.148056,,,,,,,,,Canada
CIHF-DT-3,TV_CA,27,3656,0,0,DT,86000.000,7966,0.0,491.0,152.0,311.5,POINT,45.808889,-64.748889,,,,,,,,,Canada
CKCW-DT,TV_CA,29,117,0,0,DT,390000.000,8017,0.0,507.5,112.8,304.4,POINT,45.851667,-64.812222,,,,,,,,,Canada
CBAFT-DT,TV_CA,11,493,0,0,DT,17650.000,8469,0.0,304.3,137.2,227.5,POINT,46.144722,-64.903056,,,,,,,,,Canada
CKAM-TV-1,TV_CA,10,5022,0,0,TX,150.000,0,0.0,161.3,109.7,0.0,POINT,47.006111,-65.586667,,,,,,,,,Canada
CKAM-TV-2,TV_CA,10,5023,0,0,TX,67.000,0,0.0,161.3,109.7,0.0,POINT,47.006111,-65.586667,,,,,,,,,Canada
CIHF-TV-13,TV_CA,40,6446,0,0,TX,41700.000,2978,0.0,151.5,107.0,119.1,POINT,47.055556,-65.488056,,,,,,,,,Canada
CKAM-TV-3,TV_CA,9,5024,0,0,TX,88.000,0,0.0,119.2,47.2,0.0,POINT,46.747778,-65.841944,,,,,,,,,Canada
CKAM-TV-4,TV_CA,10,5025,0,0,TX,22.000,0,0.0,159.4,40.2,0.0,POINT,46.571389,-66.130278,,,,,,,,,Canada
CKLT-TV-2,TV_CA,7,5029,0,0,TX,24.000,0,0.0,176.8,80.2,0.0,POINT,46.453333,-66.459167,,,,,,,,,Canada
CIHF-DT-1,TV_CA,44,3658,0,0,DT,28000.000,8099,0.0,259.0,90.2,163.5,POINT,46.040556,-66.490000,,,,,,,,,Canada
CBAT-DT,TV_CA,31,716,0,0,DT,7360.000,8797,0.0,164.6,122.8,102.8,POINT,45.947500,-66.594444,,,,,,,,,Canada
CKLT-TV-1,TV_CA,3,5028,0,0,TX,35000.000,2916,0.0,345.9,49.4,194.8,POINT,46.420000,-67.558889,,,,,,,,,Canada
CIHF-TV-11,TV_CA,38,6449,0,0,TX,51900.000,3075,0.0,326.4,49.4,174.3,POINT,46.420000,-67.558889,,,,,,,,,Canada
CIHF-TV-12,TV_CA,21,6445,0,0,TX,31300.000,2977,0.0,259.7,100.6,219.7,POINT,45.165000,-66.906389,,,,,,,,,Canada
CHNB-DT,TV_CA,12,3659,0,0,DT,6000.000,7935,0.0,465.3,89.1,354.0,POINT,45.477778,-66.233333,,,,,,,,,Canada
CKLT-DT,TV_CA,9,5027,0,0,DT,7600.000,8087,0.0,552.6,122.5,445.9,POINT,45.477500,-66.233056,,,,,,,,,Canada
CHCO-TV,TV_CA,26,8476,0,0,TX,407.000,0,0.0,41.5,22.0,38.8,POINT,45.081667,-67.059444,,,,,,,,,Canada
CFKS-DT,TV_CA,30,9495,0,0,DT,4630.000,8714,0.0,881.6,50.0,591.2,POINT,45.311944,-72.241667,,,,,,,,,Canada
CIVS-DT,TV_CA,24,2745,0,0,DT,60000.000,8667,0.0,881.6,50.0,591.2,POINT,45.311944,-72.241667,,,,,,,,,Canada
CKMI-DT-2,TV_CA,11,6119,0,0,DT,1000.000,8101,0.0,902.9,60.7,611.7,POINT,45.311944,-72.241667,,,,,,,,,Canada
CHLT-DT,TV_CA,7,1085,0,0,DT,4000.000,7787,0.0,881.0,50.5,588.1,POINT,45.311944,-72.241667,,,,,,,,,Canada
CKSH-DT(1),TV_CA,9,3672,0,0,DT,36280.000,8965,0.0,877.2,50.6,585.9,POINT,45.311944,-72.241667,,,,,,,,,Canada
CBVT-DT(2),TV_CA,25,658,0,0,DT,291000.000,8931,0.0,642.4,166.9,515.4,POINT,46.822778,-71.495278,,,,,,,,,Canada
CKMI-DT,TV_CA,20,6368,0,0,DT,18000.000,8094,0.0,573.0,151.8,446.3,POINT,46.822778,-71.495278,,,,,,,,,Canada
CFCM-DT,TV_CA,17,332,0,0,DT,210000.000,8007,0.0,181.5,116.3,117.1,POINT,46.784444,-71.264444,,,,,,,,,Canada
CFAP-DT,TV_CA,39,3511,0,0,DT,20100.000,8752,0.0,245.0,187.3,172.9,POINT,46.807500,-71.216667,,,,,,,,,Canada
CIVQ-DT,TV_CA,15,5618,0,0,DT,194000.000,8390,0.0,262.5,187.2,191.4,POINT,46.807500,-71.216667,,,,,,,,,Canada
CHMG-TV,TV_CA,9,6979,0,0,TX,18.000,0,0.0,166.4,73.8,120.0,POINT,46.771111,-71.282222,,,,,,,,,Canada
CHAU-DT-2,TV_CA,31,5596,0,0,DT,226.000,8211,0.0,459.2,36.5,96.2,POINT,47.513056,-67.283611,,,,,,,,,Canada
CHAU-DT-11,TV_CA,27,5595,0,0,DT,93.000,0,0.0,365.1,38.6,66.6,POINT,47.636667,-67.354722,,,,,,,,,Canada
CIMT-DT-1,TV_CA,4,1882,0,0,DT,2220.000,8321,0.0,376.4,30.5,117.2,POINT,47.388889,-68.317500,,,,,,,,,Canada
CFTF-DT-1,TV_CA,42,5096,0,0,DT,88.000,8272,0.0,379.0,30.5,153.6,POINT,47.388889,-68.317500,,,,,,,,,Canada
CKRT-DT-2,TV_CA,25,5605,0,0,DT,90.000,8379,0.0,408.0,76.5,133.4,POINT,47.576667,-68.608333,,,,,,,,,Canada
CFTF-DT-3,TV_CA,12,6424,0,0,DT,7.000,8290,0.0,369.6,38.5,127.5,POINT,47.625556,-68.846667,,,,,,,,,Canada
CKRT-DT-4,TV_CA,21,5606,0,0,DT,93.000,8600,0.0,367.7,38.5,125.5,POINT,47.625556,-68.846667,,,,,,,,,Canada
CIMT-DT-8,TV_CA,23,6425,0,0,DT,101.000,8263,0.0,367.7,38.5,125.5,POINT,47.625556,-68.846667,,,,,,,,,Canada
CKRT-DT-3,TV_CA,13,739,0,0,DT,114.000,7863,0.0,76.0,38.5,49.2,POINT,47.857778,-69.552500,,,,,,,,,Canada
CIMT-DT-6,TV_CA,41,1881,0,0,DT,150.000,8837,0.0,77.8,41.5,50.7,POINT,47.857778,-69.552500,,,,,,,,,Canada
CFTF-DT,TV_CA,29,4780,0,0,DT,44000.000,8264,0.0,701.2,78.5,341.1,POINT,47.577222,-69.382222,,,,,,,,,Canada
CIMT-DT,TV_CA,9,1881,0,0,DT,27500.000,8209,0.0,722.3,78.5,362.2,POINT,47.577222,-69.382222,,,,,,,,,Canada
CFTF-DT-6,TV_CA,11,6426,0,0,DT,100.000,8282,0.0,75.3,38.5,48.2,POINT,47.857778,-69.552500,,,,,,,,,Canada
CKRT-DT,TV_CA,7,739,0,0,DT,7000.000,7808,0.0,712.0,72.0,345.1,POINT,47.576944,-69.382778,,,,,,,,,Canada
CIMT-DT-5,TV_CA,38,4577,0,0,DT,394.000,8246,0.0,300.0,30.0,27.8,POINT,47.551944,-70.560556,,,,,,,,,Canada
CKRT-DT-5,TV_CA,35,5607,0,0,DT,150.000,8605,0.0,300.0,30.0,27.8,POINT,47.551944,-70.560556,,,,,,,,,Canada
CKRT-DT-1,TV_CA,36,5604,0,0,DT,150.000,8378,0.0,180.0,39.0,1.3,POINT,47.423889,-70.524722,,,,,,,,,Canada
CFTF-DT-10,TV_CA,26,7301,0,0,DT,125.000,8296,0.0,177.0,39.0,-1.7,POINT,47.423889,-70.524722,,,,,,,,,Canada
CIMT-DT-4,TV_CA,13,4064,0,0,DT,40.000,8250,0.0,182.9,42.8,4.2,POINT,47.423889,-70.524722,,,,,,,,,Canada
CIVB-DT-1,TV_CA,31,4136,0,0,DT,95000.000,8447,0.0,935.5,91.4,508.0,POINT,47.779722,-70.152222,,,,,,,,,Canada
CIVV-DT,TV_CA,8,4039,0,0,DT,84900.000,8151,0.0,1071.4,173.9,593.8,POINT,48.601111,-70.828889,,,,,,,,,Canada
CJPM-TV-1,TV_CA,10,5602,0,0,TX,23500.000,1920,0.0,402.3,134.1,164.0,POINT,48.388889,-72.088889,,,,,,,,,Canada
CHEM-DT,TV_CA,8,827,0,0,DT,11500.000,7945,0.0,385.7,230.0,291.3,POINT,46.501944,-72.635833,,,,,,,,,Canada
CKTM-DT,TV_CA,28,417,0,0,DT,38900.000,8344,0.0,407.0,230.0,314.6,POINT,46.502778,-72.636944,,,,,,,,,Canada
CFKM-DT,TV_CA,34,9498,0,0,DT,9000.000,8726,0.0,486.3,325.0,395.7,POINT,46.490833,-72.649444,,,,,,,,,Canada
CIVC-DT,TV_CA,45,2748,0,0,DT,290000.000,8080,0.0,489.6,325.0,398.1,POINT,46.490833,-72.649444,,,,,,,,,Canada
CBMT-DT,TV_CA,21,296,0,0,DT,57410.000,8887,0.0,286.9,111.7,258.5,POINT,45.505556,-73.591667,,,,,,,,,Canada
CFTU-DT,TV_CA,29,3380,0,0,DT,910.000,9392,0.0,226.6,86.8,196.4,POINT,45.503056,-73.615556,,,,,,,,,Canada
CJNT-DT,TV_CA,49,5992,0,0,DT,4000.000,8330,0.0,246.0,21.0,219.0,POINT,45.505000,-73.591111,,,,,,,,,Canada
CFHD-DT,TV_CA,47,9496,0,0,DT,5500.000,9190,0.0,224.0,239.0,196.0,POINT,45.503333,-73.596389,,,,,,,,,Canada
CKMI-DT-1,TV_CA,15,6118,0,0,DT,8000.000,8057,0.0,327.0,111.9,298.0,POINT,45.505556,-73.591667,,,,,,,,,Canada
CFJP-DT,TV_CA,35,3655,0,0,DT,17710.000,9994,0.0,327.0,111.7,297.8,POINT,45.505556,-73.591667,,,,,,,,,Canada
CBFT-DT,TV_CA,19,296,0,0,DT,54970.000,8889,0.0,286.9,111.7,258.5,POINT,45.505556,-73.591667,,,,,,,,,Canada
CIVM-DT,TV_CA,26,1248,0,0,DT,269000.000,8154,0.0,200.0,177.6,170.6,POINT,45.559444,-73.552500,,,,,,,,,Canada
CFCF-DT,TV_CA,12,3935,0,0,DT,10600.000,7608,0.0,327.0,110.9,299.6,POINT,45.505556,-73.591667,,,,,,,,,Canada
CFTM-DT,TV_CA,10,564,0,0,DT,11000.000,7777,0.0,326.0,109.0,296.8,POINT,45.505556,-73.591667,,,,,,,,,Canada
CBFT-DT(2),TV_CA,19,296,0,0,DT,447820.000,8114,0.0,327.0,111.7,297.8,POINT,45.505556,-73.591667,,,,,,,,,Canada
CBMT-DT(2),TV_CA,21,296,0,0,DT,436340.000,8118,0.0,327.0,111.7,297.8,POINT,45.505556,-73.591667,,,,,,,,,Canada
CKWS-TV-3,TV_CA,36,6549,0,0,TX,10000.000,0,0.0,233.1,123.1,100.0,POINT,45.011667,-76.054444,,,,,,,,,Canada
CKWS-TV-2,TV_CA,26,5052,0,0,TX,7200.000,2917,0.0,210.0,106.1,118.2,POINT,44.831944,-75.521111,,,,,,,,,Canada
CITY-DT-3,TV_CA,17,5775,0,0,DT,5100.000,7486,0.0,304.1,225.0,215.4,POINT,45.216944,-75.563889,,,,,,,,,Canada
CHCH-DT-1,TV_CA,22,6024,0,0,DT,25000.000,8338,0.0,304.1,225.0,216.0,POINT,45.216944,-75.563889,,,,,,,,,Canada
CITS-DT-1,TV_CA,42,7046,0,0,DT,37000.000,8096,0.0,291.0,225.0,203.0,POINT,45.216944,-75.563889,,,,,,,,,Canada
CHRO-DT-43,TV_CA,43,586,0,0,DT,50000.000,8165,0.0,265.7,225.0,177.0,POINT,45.216944,-75.563889,,,,,,,,,Canada
CFMT-DT-2,TV_CA,27,5775,0,0,DT,15000.000,8192,0.0,291.0,209.5,202.3,POINT,45.216944,-75.563889,,,,,,,,,Canada
CJMT-DT-2,TV_CA,20,5775,0,0,DT,15000.000,8242,0.0,291.0,209.5,202.3,POINT,45.216944,-75.563889,,,,,,,,,Canada
CICO-DT-24,TV_CA,24,1171,0,0,DT,95000.000,8193,0.0,480.9,228.6,340.7,POINT,45.503056,-75.850278,,,,,,,,,Canada
CBOT-DT,TV_CA,25,321,0,0,DT,165000.000,8107,0.0,472.4,219.2,332.9,POINT,45.503056,-75.850556,,,,,,,,,Canada
CBOFT-DT(2),TV_CA,33,321,0,0,DT,480000.000,9089,0.0,529.1,219.2,397.7,POINT,45.503056,-75.850278,,,,,,,,,Canada
CBOT-DT(1),TV_CA,25,321,0,0,DT,365600.000,9468,0.0,557.8,219.2,426.4,POINT,45.503056,-75.850278,,,,,,,,,Canada
CIII-DT-6(1),TV_CA,14,3717,0,0,DT,145000.000,9287,0.0,529.1,219.2,390.5,POINT,45.503056,-75.850278,,,,,,,,,Canada
CIII-DT-6,TV_CA,6,3717,0,0,DT,3300.000,7927,0.0,401.5,228.6,261.3,POINT,45.503056,-75.850278,,,,,,,,,Canada
CRC-DT-5,TV_CA,46,8046,0,0,DT,104.000,0,0.0,144.1,0.0,42.9,POINT,45.428056,-75.712500,,,,,,,,,Canada
CRC-DT-3,TV_CA,46,8046,0,0,DT,450.000,0,0.0,138.6,0.0,60.7,POINT,45.369444,-75.704167,,,,,,,,,Canada
CRC-DT-4,TV_CA,46,8046,0,0,DT,318.000,0,0.0,143.7,0.0,60.3,POINT,45.442778,-75.646667,,,,,,,,,Canada
CJOH-TV-8,TV_CA,8,146,0,0,TX,260000.000,1965,0.0,247.8,207.3,187.5,POINT,45.176389,-74.526944,,,,,,,,,Canada
CJOH-TV-47,TV_CA,47,6928,0,0,TX,492000.000,2982,0.0,269.0,198.1,125.7,POINT,45.833889,-77.163611,,,,,,,,,Canada
CHRO-TV,TV_CA,5,589,0,0,TX,100000.000,1792,0.0,306.2,198.1,162.9,POINT,45.833889,-77.163611,,,,,,,,,Canada
CIVP-DT,TV_CA,23,2299,0,0,DT,758.000,8786,0.0,285.6,128.0,98.6,POINT,45.924722,-77.072778,,,,,,,,,Canada
CBOFT-DT(1),TV_CA,9,321,0,0,DT,3500.000,8121,0.0,564.5,219.2,424.9,POINT,45.503056,-75.850278,,,,,,,,,Canada
CFGS-DT,TV_CA,34,2313,0,0,DT,30000.000,8885,0.0,501.3,219.0,358.0,POINT,45.503056,-75.850278,,,,,,,,,Canada
CIVO-DT,TV_CA,30,5617,0,0,DT,300200.000,7913,0.0,501.3,219.0,358.0,POINT,45.503056,-75.850278,,,,,,,,,Canada
CHOT-DT,TV_CA,40,2313,0,0,DT,111400.000,7812,0.0,501.3,219.0,358.0,POINT,45.503056,-75.850278,,,,,,,,,Canada
CJOH-DT,TV_CA,13,6929,0,0,DT,19000.000,7606,0.0,513.0,579.1,373.4,POINT,45.503056,-75.850278,,,,,,,,,Canada
CRC-DT-1,TV_CA,51,8046,0,0,DT,624.000,0,0.0,141.4,0.0,49.0,POINT,45.353611,-75.901944,,,,,,,,,Canada
CRC-DT-2,TV_CA,46,8046,0,0,DT,3176.000,0,0.0,162.4,0.0,70.0,POINT,45.353611,-75.901944,,,,,,,,,Canada
CKWS-DT,TV_CA,11,3833,0,0,DT,9400.000,9648,0.0,393.7,305.8,312.5,POINT,44.167222,-76.427500,,,,,,,,,Canada
CICO-DT-92,TV_CA,44,3954,0,0,DT,12000.000,8316,0.0,469.8,151.2,168.7,POINT,44.880000,-77.197500,,,,,,,,,Canada
CICO-DT-53,TV_CA,26,3352,0,0,DT,13000.000,8376,0.0,326.8,181.7,188.6,POINT,44.312500,-77.206667,,,,,,,,,Canada
CIII-TV-2,TV_CA,2,3715,0,0,TX,100000.000,0,0.0,733.5,306.8,390.0,POINT,45.059444,-77.199722,,,,,,,,,Canada
CHEX-TV-1,TV_CA,4,5631,0,0,TX,59.000,0,0.0,487.6,32.0,0.0,POINT,45.062500,-77.822778,,,,,,,,,Canada
CFTO-DT-54,TV_CA,35,5420,0,0,DT,38000.000,8353,0.0,439.5,171.0,176.3,POINT,44.445556,-78.533056,,,,,,,,,Canada
CH2879,TV_CA,10,4526,0,0,TX,0.000,0,0.0,0.0,15.0,0.0,POINT,47.922500,-74.621111,,,,,,,,,Canada
CJPM-DT,TV_CA,46,634,0,0,DT,200000.000,8458,0.0,231.8,77.7,107.4,POINT,48.407778,-71.084444,,,,,,,,,Canada
CKTV-DT,TV_CA,12,192,0,0,DT,7400.000,8519,0.0,1076.4,172.4,581.1,POINT,48.601111,-70.828889,,,,,,,,,Canada
CFRS-DT,TV_CA,13,9511,0,0,DT,4344.000,9177,0.0,1071.4,173.9,593.8,POINT,48.601111,-70.828889,,,,,,,,,Canada
CITO-TV,TV_CA,3,3956,0,0,TX,100000.000,2914,0.0,429.7,182.9,147.6,POINT,48.547222,-80.952222,,,,,,,,,Canada
CKRN-TV-3,TV_CA,3,1506,0,0,TX,3640.000,1830,0.0,414.5,60.9,165.5,POINT,47.254444,-79.376944,,,,,,,,,Canada
CKRN-TV-2,TV_CA,6,4479,0,0,TX,13.000,0,0.0,330.7,61.9,0.0,POINT,47.353333,-79.460000,,,,,,,,,Canada
CITO-TV-2,TV_CA,11,3957,0,0,TX,325000.000,2011,0.0,520.0,135.6,211.2,POINT,48.135556,-79.555278,,,,,,,,,Canada
CKNY-TV,TV_CA,10,373,0,0,TX,132600.000,1793,0.0,477.0,152.4,185.6,POINT,46.063333,-79.433889,,,,,,,,,Canada
CFGC-DT-2,TV_CA,15,5412,0,0,DT,16800.000,9369,0.0,341.5,198.0,92.8,POINT,46.302778,-79.410833,,,,,,,,,Canada
CHCH-TV-6,TV_CA,32,6231,0,0,TX,5000.000,0,0.0,369.5,198.0,116.0,POINT,46.302778,-79.410833,,,,,,,,,Canada
CKNY-TV-11,TV_CA,11,3898,0,0,TX,325000.000,1812,0.0,566.7,183.8,195.4,POINT,45.328889,-78.965278,,,,,,,,,Canada
CFTO-TV-21,TV_CA,21,4908,0,0,TX,207600.000,0,0.0,382.4,173.1,171.3,POINT,44.867778,-79.594722,,,,,,,,,Canada
CIII-DT-7,TV_CA,7,3719,0,0,DT,6750.000,8659,0.0,550.0,358.0,346.7,POINT,44.970556,-79.782500,,,,,,,,,Canada
CHCH-DT-3,TV_CA,23,6226,0,0,DT,63000.000,8335,0.0,510.0,358.0,306.7,POINT,44.970556,-79.782500,,,,,,,,,Canada
CKVR-TV-1,TV_CA,12,5589,0,0,TX,7.000,0,0.0,220.7,37.3,0.0,POINT,45.343889,-80.012778,,,,,,,,,Canada
CKCO-TV-2,TV_CA,2,216,0,0,TX,100000.000,0,0.0,486.7,234.4,286.1,POINT,44.944722,-81.131667,,,,,,,,,Canada
CHCH-TV-4,TV_CA,41,6228,0,0,TX,35000.000,2784,0.0,447.8,160.9,171.9,POINT,46.424722,-81.014722,,,,,,,,,Canada
CFGC-DT,TV_CA,11,5413,0,0,DT,11700.000,9326,0.0,420.6,109.7,141.5,POINT,46.505278,-80.959167,,,,,,,,,Canada
CICI-TV,TV_CA,5,3960,0,0,TX,100000.000,0,0.0,611.4,308.8,324.2,POINT,46.500833,-81.020000,,,,,,,,,Canada
CICI-TV-1,TV_CA,3,139,0,0,TX,19000.000,0,0.0,487.0,77.0,122.7,POINT,46.429722,-82.669167,,,,,,,,,Canada
CKVP-DT,TV_CA,42,9510,0,0,DT,5000.000,8767,0.0,321.1,72.3,151.3,POINT,43.051667,-79.300833,,,,,,,,,Canada
CHEX-TV-2,TV_CA,22,5050,0,0,TX,5500.000,1970,0.0,309.0,127.0,133.5,POINT,43.954167,-78.806389,,,,,,,,,Canada
CHEX-DT,TV_CA,12,3834,0,0,DT,20000.000,9661,0.0,554.8,326.0,318.0,POINT,44.328056,-78.299444,,,,,,,,,Canada
CIII-DT-27,TV_CA,27,3724,0,0,DT,275000.000,8702,0.0,484.8,152.1,276.6,POINT,44.070556,-78.143056,,,,,,,,,Canada
CJOH-TV-6,TV_CA,6,1045,0,0,TX,100000.000,1953,0.0,300.3,174.7,204.5,POINT,44.141667,-77.075833,,,,,,,,,Canada
CKWS-DT-1,TV_CA,30,5051,0,0,DT,938.000,8362,0.0,292.0,73.0,158.6,POINT,44.044444,-77.793056,,,,,,,,,Canada
CJIL-TV-1,TV_CA,39,6568,0,0,TX,13860.000,3123,0.0,939.2,91.1,112.0,POINT,49.785556,-111.324722,,,,,,,,,Canada
CHAT-TV,TV_CA,6,3762,0,0,TX,58000.000,2032,0.0,956.0,164.0,202.7,POINT,50.162500,-110.956389,,,,,,,,,Canada
CISA-TV-2,TV_CA,3,5251,0,0,TX,14.000,0,0.0,0.0,0.0,0.0,POINT,50.534167,-111.916667,,,,,,,,,Canada
CFCN-TV-3,TV_CA,9,4930,0,0,TX,60.000,0,0.0,807.7,61.0,0.0,POINT,50.534167,-111.916667,,,,,,,,,Canada
CFCN-DT-5,TV_CA,13,4932,0,0,DT,27000.000,8162,0.0,1098.5,165.9,173.0,POINT,49.733056,-112.961111,,,,,,,,,Canada
CJIL-DT,TV_CA,17,3966,0,0,DT,8600.000,8508,0.0,1044.6,206.5,133.5,POINT,49.779722,-112.871667,,,,,,,,,Canada
CISA-DT,TV_CA,7,364,0,0,DT,19700.000,7865,0.0,1109.4,207.3,201.4,POINT,49.779722,-112.871667,,,,,,,,,Canada
CKAL-DT-1,TV_CA,46,6254,0,0,DT,79000.000,8461,0.0,1122.0,192.0,200.0,POINT,49.682500,-112.927222,,,,,,,,,Canada
CISA-TV-5,TV_CA,9,6066,0,0,TX,8.000,0,0.0,1207.0,21.3,0.0,POINT,49.480000,-113.966944,,,,,,,,,Canada
CFSO-TV,TV_CA,32,6237,0,0,TX,89.000,0,0.0,0.0,0.0,0.0,POINT,49.177778,-113.327778,,,,,,,,,Canada
CFCN-TV-17,TV_CA,6,5900,0,0,TX,52.000,0,0.0,1367.1,29.0,0.0,POINT,49.058611,-113.911667,,,,,,,,,Canada
CISA-TV-4,TV_CA,12,5901,0,0,TX,59.000,0,0.0,0.0,22.4,0.0,POINT,49.058889,-113.906389,,,,,,,,,Canada
CFCN-TV-18,TV_CA,8,5796,0,0,TX,38.000,0,0.0,1714.5,16.8,0.0,POINT,49.611667,-114.414444,,,,,,,,,Canada
CISA-TV-3,TV_CA,12,5252,0,0,TX,0.000,0,0.0,0.0,0.0,0.0,POINT,49.577500,-114.501667,,,,,,,,,Canada
CISA-TV-1,TV_CA,3,5250,0,0,TX,409.000,2327,0.0,1452.3,43.9,128.0,POINT,49.531667,-114.194722,,,,,,,,,Canada
CFCN-TV-4,TV_CA,5,4931,0,0,TX,382.000,0,0.0,1458.1,43.9,133.8,POINT,49.531667,-114.194722,,,,,,,,,Canada
CICT-TV-2,TV_CA,13,5249,0,0,TX,0.000,0,0.0,2116.8,10.7,0.0,POINT,51.198056,-115.613056,,,,,,,,,Canada
CFCN-TV-2,TV_CA,7,4929,0,0,TX,70.000,0,0.0,2139.7,6.1,0.0,POINT,51.198056,-115.613056,,,,,,,,,Canada
CFCN-TV-14,TV_CA,45,4532,0,0,TX,0.000,0,0.0,1371.6,45.7,0.0,POINT,51.130556,-115.386111,,,,,,,,,Canada
CFCN-TV-13,TV_CA,40,4533,0,0,TX,270.000,0,0.0,2202.0,6.0,0.0,POINT,51.034444,-115.209444,,,,,,,,,Canada
CBRT-DT,TV_CA,21,3917,0,0,DT,373400.000,9405,0.0,1497.3,287.5,350.3,POINT,51.065000,-114.214167,,,,,,,,,Canada
CJCO-DT,TV_CA,38,8659,0,0,DT,25000.000,7911,0.0,1534.0,265.0,371.0,POINT,51.072500,-114.260556,,,,,,,,,Canada
CICT-DT,TV_CA,41,323,0,0,DT,50000.000,7651,0.0,1534.0,265.0,378.0,POINT,51.072500,-114.260556,,,,,,,,,Canada
CKAL-DT,TV_CA,49,6252,0,0,DT,100000.000,7713,0.0,1534.0,265.0,378.0,POINT,51.072500,-114.260556,,,,,,,,,Canada
CKCS-DT,TV_CA,32,8524,0,0,DT,36000.000,8036,0.0,1341.2,150.0,207.4,POINT,51.060278,-114.171389,,,,,,,,,Canada
CFCN-DT,TV_CA,29,584,0,0,DT,220000.000,7785,0.0,1341.7,150.0,206.1,POINT,51.060278,-114.171389,,,,,,,,,Canada
CICT-TV-1,TV_CA,8,5248,0,0,TX,0.000,0,0.0,826.0,30.5,0.0,POINT,51.450278,-112.736111,,,,,,,,,Canada
CFCN-TV-6,TV_CA,10,4928,0,0,TX,28.000,0,0.0,823.0,61.0,0.0,POINT,51.425000,-112.709444,,,,,,,,,Canada
CFCN-TV-1,TV_CA,12,4928,0,0,TX,80000.000,2368,0.0,1254.3,176.5,326.5,POINT,51.562778,-112.330000,,,,,,,,,Canada
CITV-DT-1(1),TV_CA,28,3761,0,0,DT,132000.000,9686,0.0,1166.5,195.0,263.5,POINT,52.276389,-113.690556,,,,,,,,,Canada
CITV-TV-1,TV_CA,10,3761,0,0,TX,325000.000,2356,0.0,1166.2,194.8,263.7,POINT,52.276389,-113.690556,,,,,,,,,Canada
CKEM-TV-1,TV_CA,4,6255,0,0,TX,7000.000,3076,0.0,1142.4,137.0,229.7,POINT,52.236667,-113.648333,,,,,,,,,Canada
CFRN-TV-6,TV_CA,8,3846,0,0,TX,71000.000,3364,0.0,1183.5,217.0,289.8,POINT,52.319444,-113.678056,,,,,,,,,Canada
CFRN-TV-10,TV_CA,12,995,0,0,TX,1600.000,2415,0.0,1176.0,66.0,168.5,POINT,52.522500,-114.879167,,,,,,,,,Canada
CHRP-TV-2,TV_CA,9,3977,0,0,TX,153.000,0,0.0,2627.4,6.1,0.0,POINT,50.885278,-118.251111,,,,,,,,,Canada
CHKL-TV-3,TV_CA,7,4518,0,0,TX,8.000,0,0.0,0.0,0.0,0.0,POINT,50.885278,-118.251111,,,,,,,,,Canada
CHCX-TV,TV_CA,22,3752,0,0,TX,28.000,0,0.0,990.8,39.6,0.0,POINT,51.195000,-116.861944,,,,,,,,,Canada
CHCY-TV,TV_CA,25,3752,0,0,TX,28.000,0,0.0,990.8,39.6,0.0,POINT,51.195000,-116.861944,,,,,,,,,Canada
CHCZ-TV,TV_CA,28,3752,0,0,TX,28.000,0,0.0,990.8,39.6,0.0,POINT,51.195000,-116.861944,,,,,,,,,Canada
CH2055,TV_CA,2,6501,0,0,TX,4.000,0,0.0,0.0,15.2,0.0,POINT,51.248333,-116.947500,,,,,,,,,Canada
CH2059,TV_CA,4,6501,0,0,TX,4.000,0,0.0,0.0,15.2,0.0,POINT,51.248333,-116.947500,,,,,,,,,Canada
CH2060,TV_CA,5,6501,0,0,TX,4.000,0,0.0,0.0,15.2,0.0,POINT,51.248333,-116.947500,,,,,,,,,Canada
CH4448,TV_CA,19,5844,0,0,TX,33.000,0,0.0,798.3,0.0,0.0,POINT,51.494722,-117.173333,,,,,,,,,Canada
CH4445,TV_CA,8,5844,0,0,TX,33.000,0,0.0,798.3,0.0,0.0,POINT,51.494722,-117.173333,,,,,,,,,Canada
CH4446,TV_CA,10,5844,0,0,TX,33.000,0,0.0,798.3,0.0,0.0,POINT,51.494722,-117.173333,,,,,,,,,Canada
CH4447,TV_CA,12,5844,0,0,TX,33.000,0,0.0,798.3,0.0,0.0,POINT,51.494722,-117.173333,,,,,,,,,Canada
CHCE-TV-1,TV_CA,2,5843,0,0,TX,7.000,0,0.0,945.1,0.0,0.0,POINT,51.392500,-117.008333,,,,,,,,,Canada
CHCE-TV-2,TV_CA,4,5843,0,0,TX,7.000,0,0.0,945.1,0.0,0.0,POINT,51.392500,-117.008333,,,,,,,,,Canada
CHCE-TV-3,TV_CA,5,5843,0,0,TX,7.000,0,0.0,945.1,0.0,0.0,POINT,51.392500,-117.008333,,,,,,,,,Canada
CH2022,TV_CA,9,3755,0,0,TX,28.000,0,0.0,0.0,0.0,0.0,POINT,51.042778,-116.631667,,,,,,,,,Canada
CH2023,TV_CA,11,3755,0,0,TX,28.000,0,0.0,0.0,0.0,0.0,POINT,51.042778,-116.631667,,,,,,,,,Canada
CH2737,TV_CA,7,3755,0,0,TX,28.000,0,0.0,0.0,0.0,0.0,POINT,51.042778,-116.631667,,,,,,,,,Canada
CH2738,TV_CA,6,3755,0,0,TX,40.000,0,0.0,0.0,17.0,0.0,POINT,51.042778,-116.631667,,,,,,,,,Canada
CIBR-TV,TV_CA,11,1975,0,0,TX,15.000,0,0.0,862.5,9.1,0.0,POINT,50.841667,-116.326111,,,,,,,,,Canada
CFWL-TV-1,TV_CA,8,3916,0,0,TX,92.000,0,0.0,1094.5,29.0,0.0,POINT,50.488056,-115.952778,,,,,,,,,Canada
CFCN-TV-15,TV_CA,6,4538,0,0,TX,10.000,0,0.0,2309.0,11.0,0.0,POINT,50.426389,-116.107222,,,,,,,,,Canada
CH4347,TV_CA,8,760,0,0,TX,81.000,0,0.0,0.0,18.3,0.0,POINT,50.252778,-118.591667,,,,,,,,,Canada
CJCC-TV,TV_CA,13,760,0,0,TX,60.000,0,0.0,899.2,15.2,0.0,POINT,50.252778,-118.591667,,,,,,,,,Canada
CJWR-TV-1,TV_CA,10,760,0,0,TX,60.000,0,0.0,18.2,9.1,0.0,POINT,50.252778,-118.591667,,,,,,,,,Canada
CH5669(1),TV_CA,6,846,0,0,TX,97.000,0,0.0,565.0,25.0,-277.8,POINT,49.988056,-117.378611,,,,,,,,,Canada
CH5668(1),TV_CA,3,846,0,0,TX,50.000,0,0.0,562.0,25.0,-280.8,POINT,49.988056,-117.378611,,,,,,,,,Canada
CH4418(1),TV_CA,8,846,0,0,TX,104.000,0,0.0,562.0,25.0,-280.8,POINT,49.988056,-117.378611,,,,,,,,,Canada
CH5670(1),TV_CA,10,846,0,0,TX,114.000,0,0.0,560.0,25.0,-282.8,POINT,49.988056,-117.378611,,,,,,,,,Canada
CH5671(1),TV_CA,11,846,0,0,TX,114.000,0,0.0,560.0,25.0,-282.8,POINT,49.988056,-117.378611,,,,,,,,,Canada
CH5672(1),TV_CA,13,846,0,0,TX,114.000,0,0.0,558.0,25.0,-284.8,POINT,49.988056,-117.378611,,,,,,,,,Canada
CH2066,TV_CA,7,846,0,0,TX,43.000,0,0.0,560.0,25.0,-280.8,POINT,49.988056,-117.378611,,,,,,,,,Canada
CH4418,TV_CA,8,846,0,0,TX,4.000,0,0.0,560.0,0.0,0.0,POINT,49.987778,-117.379167,,,,,,,,,Canada
CH5670,TV_CA,10,846,0,0,TX,4.000,0,0.0,560.0,0.0,0.0,POINT,49.987778,-117.379167,,,,,,,,,Canada
CH5671,TV_CA,11,846,0,0,TX,4.000,0,0.0,560.0,0.0,0.0,POINT,49.987778,-117.379167,,,,,,,,,Canada
CH5672,TV_CA,13,846,0,0,TX,4.000,0,0.0,560.0,0.0,0.0,POINT,49.987778,-117.379167,,,,,,,,,Canada
CH5668,TV_CA,3,846,0,0,TX,4.000,0,0.0,560.0,0.0,0.0,POINT,49.987778,-117.379167,,,,,,,,,Canada
CH5669,TV_CA,6,846,0,0,TX,4.000,0,0.0,560.0,0.0,0.0,POINT,49.987778,-117.379167,,,,,,,,,Canada
CH4363,TV_CA,7,6522,0,0,TX,5.000,0,0.0,0.0,0.0,0.0,POINT,49.766667,-117.453889,,,,,,,,,Canada
CH5283,TV_CA,10,6522,0,0,TX,5.000,0,0.0,0.0,0.0,0.0,POINT,49.766667,-117.453889,,,,,,,,,Canada
CH5280,TV_CA,3,6522,0,0,TX,5.000,0,0.0,0.0,0.0,0.0,POINT,49.766667,-117.453889,,,,,,,,,Canada
CH5281,TV_CA,6,6522,0,0,TX,5.000,0,0.0,0.0,0.0,0.0,POINT,49.766667,-117.453889,,,,,,,,,Canada
CKTN-TV-3,TV_CA,3,1672,0,0,TX,330.000,2478,0.0,867.0,46.0,-569.0,POINT,49.493056,-117.271944,,,,,,,,,Canada
CH5653,TV_CA,20,4906,0,0,TX,0.000,0,0.0,649.3,0.0,0.0,POINT,49.550556,-117.690000,,,,,,,,,Canada
CH4365,TV_CA,7,4906,0,0,TX,30.000,0,0.0,0.0,0.0,0.0,POINT,49.550556,-117.690000,,,,,,,,,Canada
CH5650,TV_CA,2,4906,0,0,TX,25.000,0,0.0,0.0,0.0,0.0,POINT,49.550556,-117.690000,,,,,,,,,Canada
CH5651,TV_CA,4,4906,0,0,TX,25.000,0,0.0,0.0,0.0,0.0,POINT,49.550556,-117.690000,,,,,,,,,Canada
CH5652,TV_CA,5,4906,0,0,TX,25.000,0,0.0,0.0,0.0,0.0,POINT,49.550556,-117.690000,,,,,,,,,Canada
CH2054,TV_CA,10,4906,0,0,TX,0.000,0,0.0,0.0,0.0,0.0,POINT,49.550556,-117.690000,,,,,,,,,Canada
CH4369,TV_CA,16,4905,0,0,TX,222.000,0,0.0,0.0,0.0,0.0,POINT,49.559167,-117.593889,,,,,,,,,Canada
CH5647,TV_CA,22,4905,0,0,TX,222.000,0,0.0,0.0,0.0,0.0,POINT,49.559167,-117.593889,,,,,,,,,Canada
CH5648,TV_CA,25,4905,0,0,TX,222.000,0,0.0,0.0,0.0,0.0,POINT,49.559167,-117.593889,,,,,,,,,Canada
CH5649,TV_CA,31,4905,0,0,TX,222.000,0,0.0,0.0,0.0,0.0,POINT,49.559167,-117.593889,,,,,,,,,Canada
CKTN-TV-2,TV_CA,23,1673,0,0,TX,112.000,0,0.0,975.4,15.2,0.0,POINT,49.494444,-117.455278,,,,,,,,,Canada
CH5643,TV_CA,39,4904,0,0,TX,227.000,0,0.0,0.0,0.0,0.0,POINT,49.487778,-117.543333,,,,,,,,,Canada
CH5644,TV_CA,43,4904,0,0,TX,227.000,0,0.0,0.0,0.0,0.0,POINT,49.487778,-117.543333,,,,,,,,,Canada
CH5645,TV_CA,47,4904,0,0,TX,227.000,0,0.0,0.0,0.0,0.0,POINT,49.487778,-117.543333,,,,,,,,,Canada
CH5646,TV_CA,51,4904,0,0,TX,227.000,0,0.0,0.0,0.0,0.0,POINT,49.487778,-117.543333,,,,,,,,,Canada
CHKL-DT,TV_CA,24,4977,0,0,DT,35000.000,9258,0.0,1305.8,40.2,490.4,POINT,49.966667,-119.528889,,,,,,,,,Canada
CHBC-DT,TV_CA,27,389,0,0,DT,35000.000,9245,0.0,1305.8,40.2,490.4,POINT,49.966667,-119.528889,,,,,,,,,Canada
CHBC-DT-2,TV_CA,20,4954,0,0,DT,3900.000,9276,0.0,837.0,34.1,170.8,POINT,50.278611,-119.315833,,,,,,,,,Canada
CHKL-DT-2,TV_CA,22,4979,0,0,DT,4000.000,9271,0.0,837.0,34.1,170.8,POINT,50.278611,-119.315833,,,,,,,,,Canada
CH4490,TV_CA,34,5842,0,0,TX,176.000,0,0.0,838.2,0.0,0.0,POINT,50.086389,-119.425278,,,,,,,,,Canada
CHKM-TV-1,TV_CA,9,4982,0,0,TX,59.000,0,0.0,0.0,0.0,0.0,POINT,50.648611,-119.838333,,,,,,,,,Canada
CFJC-TV-19,TV_CA,2,4902,0,0,TX,63.000,0,0.0,619.0,15.0,0.0,POINT,50.648611,-119.838333,,,,,,,,,Canada
CHSH-TV-2,TV_CA,13,5634,0,0,TX,40.000,0,0.0,1042.0,0.0,0.0,POINT,50.901944,-119.640000,,,,,,,,,Canada
CFJC-TV-8,TV_CA,11,4899,0,0,TX,29.000,0,0.0,1063.7,21.3,0.0,POINT,50.900000,-119.644167,,,,,,,,,Canada
CH4367,TV_CA,3,3387,0,0,TX,28.000,0,0.0,0.0,10.0,0.0,POINT,50.559167,-119.343056,,,,,,,,,Canada
CH4412,TV_CA,47,638,0,0,TX,188.000,0,0.0,0.0,0.0,0.0,POINT,50.567778,-119.097500,,,,,,,,,Canada
CFEN-TV-2,TV_CA,11,638,0,0,TX,53.000,0,0.0,594.3,15.2,136.5,POINT,50.562500,-119.103889,,,,,,,,,Canada
CFEN-TV-1,TV_CA,4,638,0,0,TX,14.000,0,0.0,579.1,15.2,0.0,POINT,50.562500,-119.103889,,,,,,,,,Canada
CHBC-TV-5,TV_CA,16,4957,0,0,TX,2400.000,2323,0.0,610.5,32.3,-220.1,POINT,50.565556,-119.101944,,,,,,,,,Canada
CFFI-TV-1,TV_CA,4,4952,0,0,TX,60.000,0,0.0,1048.5,12.2,0.0,POINT,50.906111,-118.850833,,,,,,,,,Canada
CFFI-TV-2,TV_CA,11,4952,0,0,TX,4.000,0,0.0,0.0,15.0,0.0,POINT,50.906111,-118.850833,,,,,,,,,Canada
CH4468,TV_CA,13,4952,0,0,TX,4.000,0,0.0,0.0,15.0,0.0,POINT,50.906111,-118.850833,,,,,,,,,Canada
CH4366,TV_CA,8,3771,0,0,TX,86.000,0,0.0,340.0,28.0,0.0,POINT,50.837222,-118.983333,,,,,,,,,Canada
CHBC-TV-8,TV_CA,6,4960,0,0,TX,38.000,0,0.0,649.2,9.1,0.0,POINT,50.729167,-119.210833,,,,,,,,,Canada
CHBC-TV-4,TV_CA,9,4956,0,0,TX,486.000,2373,0.0,582.1,35.7,-302.8,POINT,50.756111,-119.333611,,,,,,,,,Canada
CKVB-TV,TV_CA,12,1247,0,0,TX,35.000,0,0.0,518.2,9.1,0.0,POINT,51.576944,-119.792500,,,,,,,,,Canada
CKVA-TV-1,TV_CA,7,1247,0,0,TX,4.000,0,0.0,518.2,9.1,0.0,POINT,51.576944,-119.792500,,,,,,,,,Canada
CH4413,TV_CA,9,1316,0,0,TX,0.000,0,0.0,1295.0,15.0,0.0,POINT,51.236111,-120.052778,,,,,,,,,Canada
CFDQ-TV,TV_CA,8,1316,0,0,TX,0.000,0,0.0,1280.2,10.1,0.0,POINT,51.236111,-120.052778,,,,,,,,,Canada
CIQR-TV,TV_CA,11,1316,0,0,TX,0.000,0,0.0,1280.2,10.1,0.0,POINT,51.236111,-120.052778,,,,,,,,,Canada
CH4370,TV_CA,13,4907,0,0,TX,68.000,0,0.0,1143.0,30.0,0.0,POINT,51.272222,-120.130556,,,,,,,,,Canada
CFIB-TV,TV_CA,7,4907,0,0,TX,15.000,0,0.0,1143.0,30.0,0.0,POINT,51.272222,-120.130556,,,,,,,,,Canada
CKIB-TV,TV_CA,12,4907,0,0,TX,15.000,0,0.0,1143.0,30.0,0.0,POINT,51.272222,-120.130556,,,,,,,,,Canada
CHLP-TV,TV_CA,5,3105,0,0,TX,72.000,0,0.0,833.0,12.0,73.8,POINT,51.090278,-120.230278,,,,,,,,,Canada
CHMQ-TV,TV_CA,3,3105,0,0,TX,72.000,0,0.0,833.0,12.0,73.8,POINT,51.090278,-120.230278,,,,,,,,,Canada
CH4336,TV_CA,2,3105,0,0,TX,66.000,0,0.0,833.0,15.0,0.0,POINT,51.090278,-120.230278,,,,,,,,,Canada
CHKM-DT,TV_CA,22,4981,0,0,DT,30000.000,9676,0.0,914.0,30.5,150.0,POINT,50.670833,-120.398611,,,,,,,,,Canada
CFJC-TV,TV_CA,4,339,0,0,TX,3700.000,0,0.0,920.8,41.1,152.7,POINT,50.670833,-120.398611,,,,,,,,,Canada
CHKM-TV,TV_CA,6,4981,0,0,TX,4000.000,0,0.0,920.8,41.1,152.7,POINT,50.670833,-120.398611,,,,,,,,,Canada
CH2042,TV_CA,7,6270,0,0,TX,77.000,0,0.0,0.0,0.0,0.0,POINT,51.379444,-121.243056,,,,,,,,,Canada
CH2043,TV_CA,12,6270,0,0,TX,77.000,0,0.0,0.0,0.0,0.0,POINT,51.379444,-121.243056,,,,,,,,,Canada
CFJC-TV-6,TV_CA,5,4898,0,0,TX,980.000,2404,0.0,1660.8,18.9,570.3,POINT,51.900000,-121.259722,,,,,,,,,Canada
CITM-TV,TV_CA,3,4983,0,0,TX,1300.000,2210,0.0,1674.5,52.4,584.3,POINT,51.902778,-121.261667,,,,,,,,,Canada
CITM-TV-1,TV_CA,13,4984,0,0,TX,32.000,0,0.0,929.6,12.2,0.0,POINT,52.115278,-122.187500,,,,,,,,,Canada
CFJC-TV-5,TV_CA,8,4897,0,0,TX,50.000,0,0.0,929.6,7.6,0.0,POINT,52.115278,-122.187500,,,,,,,,,Canada
CH4378,TV_CA,7,5134,0,0,TX,105.000,0,0.0,1295.0,30.0,0.0,POINT,52.303333,-121.840556,,,,,,,,,Canada
CH5665,TV_CA,5,6788,0,0,TX,50.000,0,0.0,682.0,13.0,15.0,POINT,51.583056,-120.145000,,,,,,,,,Canada
CH5666,TV_CA,6,6788,0,0,TX,50.000,0,0.0,682.0,13.0,15.0,POINT,51.583056,-120.145000,,,,,,,,,Canada
CH5667,TV_CA,13,6788,0,0,TX,50.000,0,0.0,682.0,13.0,15.0,POINT,51.583056,-120.145000,,,,,,,,,Canada
CH5663,TV_CA,8,1243,0,0,TX,12.000,0,0.0,0.0,0.0,0.0,POINT,51.615278,-120.041111,,,,,,,,,Canada
CHCW-TV-2,TV_CA,10,1243,0,0,TX,78.000,0,0.0,1152.0,21.0,0.0,POINT,51.615278,-120.041111,,,,,,,,,Canada
CHCW-TV-1,TV_CA,2,1243,0,0,TX,68.000,0,0.0,1152.0,21.0,0.0,POINT,51.615278,-120.041111,,,,,,,,,Canada
CH5662,TV_CA,6,1247,0,0,TX,19.000,0,0.0,956.0,6.0,0.0,POINT,51.576944,-119.792500,,,,,,,,,Canada
CH2557,TV_CA,11,1485,0,0,TX,0.000,0,0.0,0.0,10.0,0.0,POINT,51.782778,-119.322778,,,,,,,,,Canada
CH4588,TV_CA,2,1485,0,0,TX,4.000,0,0.0,0.0,0.0,0.0,POINT,51.782778,-119.322778,,,,,,,,,Canada
CH4589,TV_CA,4,1485,0,0,TX,4.000,0,0.0,0.0,0.0,0.0,POINT,51.782778,-119.322778,,,,,,,,,Canada
CH2556,TV_CA,7,1485,0,0,TX,4.000,0,0.0,0.0,10.0,0.0,POINT,51.782778,-119.322778,,,,,,,,,Canada
CH2685,TV_CA,13,1485,0,0,TX,4.000,0,0.0,594.0,10.0,0.0,POINT,51.782778,-119.322778,,,,,,,,,Canada
CH4329,TV_CA,9,1485,0,0,TX,4.000,0,0.0,0.0,0.0,0.0,POINT,51.782778,-119.322778,,,,,,,,,Canada
CH2531,TV_CA,13,2644,0,0,TX,4.000,0,0.0,686.0,10.0,0.0,POINT,52.109722,-119.308056,,,,,,,,,Canada
CH2558,TV_CA,9,2644,0,0,TX,4.000,0,0.0,0.0,10.0,0.0,POINT,52.109722,-119.308056,,,,,,,,,Canada
CH4318,TV_CA,11,2644,0,0,TX,4.000,0,0.0,0.0,10.0,0.0,POINT,52.109722,-119.308056,,,,,,,,,Canada
CH4557,TV_CA,12,2644,0,0,TX,4.000,0,0.0,10.0,0.0,0.0,POINT,52.109722,-119.308056,,,,,,,,,Canada
CH4556,TV_CA,4,2644,0,0,TX,4.000,0,0.0,10.0,0.0,0.0,POINT,52.109722,-119.308056,,,,,,,,,Canada
CKRR-TV-1,TV_CA,9,1509,0,0,TX,38.000,0,0.0,926.9,11.0,0.0,POINT,52.431944,-122.431944,,,,,,,,,Canada
CKRR-TV-2,TV_CA,11,1509,0,0,TX,38.000,0,0.0,926.9,11.0,0.0,POINT,52.431944,-122.431944,,,,,,,,,Canada
CH5799,TV_CA,16,7887,0,0,TX,38.000,0,0.0,1415.0,0.0,0.0,POINT,54.530000,-124.185278,,,,,,,,,Canada
CH5800,TV_CA,22,7887,0,0,TX,38.000,0,0.0,1415.0,0.0,0.0,POINT,54.530000,-124.185278,,,,,,,,,Canada
CH5801,TV_CA,26,7887,0,0,TX,38.000,0,0.0,1416.0,0.0,0.0,POINT,54.530000,-124.185278,,,,,,,,,Canada
CH3035,TV_CA,4,1275,0,0,TX,2.000,0,0.0,1279.6,20.0,253.0,POINT,54.434722,-124.546667,,,,,,,,,Canada
CH3036,TV_CA,5,1275,0,0,TX,2.000,0,0.0,1279.6,20.0,253.0,POINT,54.434722,-124.546667,,,,,,,,,Canada
CH3037,TV_CA,6,1275,0,0,TX,2.000,0,0.0,1279.6,20.0,253.0,POINT,54.434722,-124.546667,,,,,,,,,Canada
CH2926,TV_CA,8,1275,0,0,TX,7.000,0,0.0,1277.8,20.0,251.0,POINT,54.434722,-124.546667,,,,,,,,,Canada
CH2927,TV_CA,12,1275,0,0,TX,7.000,0,0.0,1277.8,20.0,251.0,POINT,54.434722,-124.546667,,,,,,,,,Canada
CH3038,TV_CA,9,1275,0,0,TX,7.000,0,0.0,1277.8,20.0,251.0,POINT,54.434722,-124.546667,,,,,,,,,Canada
CH3039,TV_CA,10,1275,0,0,TX,7.000,0,0.0,1277.8,20.0,251.0,POINT,54.434722,-124.546667,,,,,,,,,Canada
CH3040,TV_CA,11,1275,0,0,TX,7.000,0,0.0,1277.8,20.0,251.0,POINT,54.434722,-124.546667,,,,,,,,,Canada
CH3041,TV_CA,13,1275,0,0,TX,7.000,0,0.0,1277.8,20.0,251.0,POINT,54.434722,-124.546667,,,,,,,,,Canada
CH6455,TV_CA,46,1275,0,0,TX,87.000,0,0.0,0.0,0.0,0.0,POINT,54.443056,-124.225833,,,,,,,,,Canada
CH6456,TV_CA,50,1275,0,0,TX,87.000,0,0.0,0.0,0.0,0.0,POINT,54.443056,-124.225833,,,,,,,,,Canada
CH6495,TV_CA,48,1275,0,0,TX,87.000,0,0.0,0.0,0.0,0.0,POINT,54.443056,-124.225833,,,,,,,,,Canada
CH3034,TV_CA,3,1275,0,0,TX,89.000,0,0.0,719.0,42.5,0.0,POINT,54.418333,-124.298333,,,,,,,,,Canada
CFFL-TV-1,TV_CA,9,1772,0,0,TX,324.000,2907,0.0,1153.0,50.0,365.0,POINT,54.033056,-124.629444,,,,,,,,,Canada
CH2308,TV_CA,15,1772,0,0,TX,232.000,0,0.0,0.0,33.0,0.0,POINT,54.033056,-124.629444,,,,,,,,,Canada
CH2309,TV_CA,17,1772,0,0,TX,232.000,0,0.0,0.0,33.0,0.0,POINT,54.033056,-124.629444,,,,,,,,,Canada
CH4433,TV_CA,19,5784,0,0,TX,251.000,0,0.0,0.0,0.0,0.0,POINT,54.033056,-124.629444,,,,,,,,,Canada
CH2024,TV_CA,23,5784,0,0,TX,316.000,0,0.0,1128.0,0.0,0.0,POINT,54.033056,-124.629444,,,,,,,,,Canada
CH2025,TV_CA,49,5784,0,0,TX,316.000,0,0.0,1128.0,0.0,0.0,POINT,54.033056,-124.629444,,,,,,,,,Canada
CH4303,TV_CA,29,3491,0,0,TX,355.000,0,0.0,1076.0,30.0,0.0,POINT,54.038333,-125.109167,,,,,,,,,Canada
CH4304,TV_CA,31,3491,0,0,TX,355.000,0,0.0,1076.0,30.0,0.0,POINT,54.038333,-125.109167,,,,,,,,,Canada
CH2031,TV_CA,39,3491,0,0,TX,316.000,0,0.0,1076.0,0.0,0.0,POINT,54.038333,-125.109167,,,,,,,,,Canada
CH2032,TV_CA,44,3491,0,0,TX,316.000,0,0.0,1076.0,0.0,0.0,POINT,54.038333,-125.109167,,,,,,,,,Canada
CH4337,TV_CA,33,3491,0,0,TX,275.000,0,0.0,1073.0,15.0,0.0,POINT,54.038333,-125.109167,,,,,,,,,Canada
CH2030,TV_CA,3,3491,0,0,TX,245.000,0,0.0,0.0,30.0,0.0,POINT,54.038333,-125.109167,,,,,,,,,Canada
CH2798,TV_CA,11,2489,0,0,TX,26.000,0,0.0,817.0,30.5,0.0,POINT,54.884167,-126.215278,,,,,,,,,Canada
CH2793,TV_CA,4,2489,0,0,TX,2.000,0,0.0,817.0,30.5,0.0,POINT,54.884167,-126.215278,,,,,,,,,Canada
CH2794,TV_CA,6,2489,0,0,TX,2.000,0,0.0,817.0,30.5,0.0,POINT,54.884167,-126.215278,,,,,,,,,Canada
CH4469,TV_CA,2,2489,0,0,TX,2.000,0,0.0,817.0,30.5,0.0,POINT,54.884167,-126.215278,,,,,,,,,Canada
CH4470,TV_CA,3,2489,0,0,TX,2.000,0,0.0,817.0,30.5,0.0,POINT,54.884167,-126.215278,,,,,,,,,Canada
CH4471,TV_CA,5,2489,0,0,TX,2.000,0,0.0,817.0,30.5,0.0,POINT,54.884167,-126.215278,,,,,,,,,Canada
CH2795,TV_CA,8,2489,0,0,TX,4.000,0,0.0,817.0,30.5,0.0,POINT,54.884167,-126.215278,,,,,,,,,Canada
CH2797,TV_CA,10,2489,0,0,TX,4.000,0,0.0,817.0,30.5,0.0,POINT,54.884167,-126.215278,,,,,,,,,Canada
CH4088,TV_CA,7,2489,0,0,TX,4.000,0,0.0,817.0,30.5,0.0,POINT,54.884167,-126.215278,,,,,,,,,Canada
CH2799,TV_CA,12,2489,0,0,TX,3.000,0,0.0,817.0,30.5,0.0,POINT,54.884167,-126.215278,,,,,,,,,Canada
CH2800,TV_CA,13,2489,0,0,TX,3.000,0,0.0,817.0,30.5,0.0,POINT,54.884167,-126.215278,,,,,,,,,Canada
CH2796,TV_CA,9,2489,0,0,TX,14.000,0,0.0,817.0,30.5,0.0,POINT,54.884167,-126.215278,,,,,,,,,Canada
CH4117,TV_CA,6,5102,0,0,TX,1.000,0,0.0,0.0,0.0,0.0,POINT,55.318056,-126.623889,,,,,,,,,Canada
CH4118,TV_CA,7,5102,0,0,TX,1.000,0,0.0,0.0,0.0,0.0,POINT,55.318056,-126.623889,,,,,,,,,Canada
CH4119,TV_CA,9,5102,0,0,TX,1.000,0,0.0,0.0,0.0,0.0,POINT,55.318056,-126.623889,,,,,,,,,Canada
CH4120,TV_CA,11,5102,0,0,TX,1.000,0,0.0,0.0,0.0,0.0,POINT,55.318056,-126.623889,,,,,,,,,Canada
CH2986,TV_CA,9,4717,0,0,TX,142.000,0,0.0,609.8,14.1,0.0,POINT,60.052778,-128.907500,,,,,,,,,Canada
CFTN-TV-1,TV_CA,13,1587,0,0,TX,19.000,0,0.0,705.0,9.1,0.0,POINT,60.174167,-132.730278,,,,,,,,,Canada
CFTK-TV-1,TV_CA,6,3903,0,0,TX,2440.000,2357,0.0,754.6,52.1,593.8,POINT,54.284444,-130.315000,,,,,,,,,Canada
CFTK-TV,TV_CA,3,3902,0,0,TX,13800.000,2546,0.0,1034.8,32.9,453.5,POINT,54.517778,-128.472500,,,,,,,,,Canada
CBCY-TV-2,TV_CA,5,1753,0,0,TX,622.000,2971,0.0,1041.0,36.5,242.0,POINT,54.740833,-126.982222,,,,,,,,,Canada
CFHO-TV-2,TV_CA,10,4910,0,0,TX,38.000,0,0.0,1150.0,15.0,0.0,POINT,54.774167,-127.223333,,,,,,,,,Canada
CH4441,TV_CA,20,4910,0,0,TX,237.000,0,0.0,1150.0,22.0,0.0,POINT,54.774167,-127.223333,,,,,,,,,Canada
CH2014,TV_CA,4,3538,0,0,TX,44.000,0,0.0,478.0,20.0,66.0,POINT,55.203056,-127.696667,,,,,,,,,Canada
CH4382,TV_CA,11,3538,0,0,TX,31.000,0,0.0,478.0,20.0,66.0,POINT,55.203056,-127.696667,,,,,,,,,Canada
CH2015,TV_CA,7,3538,0,0,TX,44.000,0,0.0,478.0,20.0,66.0,POINT,55.203056,-127.696667,,,,,,,,,Canada
CH4383,TV_CA,13,3538,0,0,TX,44.000,0,0.0,478.0,20.0,66.0,POINT,55.203056,-127.696667,,,,,,,,,Canada
CH4397,TV_CA,12,3538,0,0,TX,44.000,0,0.0,478.0,20.0,66.0,POINT,55.203056,-127.696667,,,,,,,,,Canada
CHHZ-TV,TV_CA,9,3538,0,0,TX,303.000,2234,0.0,478.0,15.0,130.4,POINT,55.203056,-127.696667,,,,,,,,,Canada
CBCY-TV-3,TV_CA,4,2978,0,0,TX,26.000,0,0.0,0.0,36.6,0.0,POINT,54.981667,-127.298333,,,,,,,,,Canada
CH4442,TV_CA,31,2339,0,0,TX,224.000,0,0.0,1028.0,30.0,0.0,POINT,54.740833,-126.982222,,,,,,,,,Canada
CFHO-TV-1,TV_CA,13,2339,0,0,TX,213.000,2468,0.0,1075.0,36.6,315.0,POINT,54.740833,-126.982222,,,,,,,,,Canada
CFHO-TV,TV_CA,8,2338,0,0,TX,390.000,2223,0.0,1276.2,91.4,454.0,POINT,54.442222,-126.660000,,,,,,,,,Canada
CBCY-TV,TV_CA,2,1754,0,0,TX,641.000,2726,0.0,1296.0,70.0,452.0,POINT,54.442222,-126.660000,,,,,,,,,Canada
CH4443,TV_CA,18,2338,0,0,TX,220.000,0,0.0,1219.0,30.0,0.0,POINT,54.442222,-126.660000,,,,,,,,,Canada
XHFEC-TDT,TV_MX,21,189984,0,1448346,DT,100000.000,106868,0.0,30.0,0.0,0.0,POINT,31.019417,-114.840000,,,,,,,,,CDBS
XHPPS-TDT,TV_MX,21,190029,0,1452556,DT,100000.000,107065,0.0,36.5,0.0,0.0,POINT,31.325556,-113.525556,,,,,,,,,CDBS
CH4355,TV_CA,6,5713,0,0,TX,45.000,0,0.0,712.0,13.0,0.0,POINT,54.503333,-126.284444,,,,,,,,,Canada
CFTY-TV,TV_CA,11,5713,0,0,TX,43.000,0,0.0,701.0,13.0,0.0,POINT,54.503333,-126.284444,,,,,,,,,Canada
CH4376,TV_CA,21,2349,0,0,TX,4.000,0,0.0,1236.0,12.2,0.0,POINT,54.256111,-125.678611,,,,,,,,,Canada
CKHS-TV,TV_CA,13,2349,0,0,TX,63.000,2889,0.0,1236.0,12.2,274.5,POINT,54.256111,-125.678611,,,,,,,,,Canada
CH4333,TV_CA,7,2349,0,0,TX,725.000,2233,0.0,1236.0,12.2,285.0,POINT,54.256111,-125.678611,,,,,,,,,Canada
CBCY-TV-1,TV_CA,4,1750,0,0,TX,597.000,4840,0.0,1288.0,61.0,323.0,POINT,54.256667,-125.678333,,,,,,,,,Canada
CHBL-TV,TV_CA,11,3300,0,0,TX,162.000,2909,0.0,1188.0,30.0,269.0,POINT,53.870556,-126.011389,,,,,,,,,Canada
CHHH-TV,TV_CA,10,3300,0,0,TX,320.000,2910,0.0,1203.0,36.0,290.0,POINT,53.870556,-126.011389,,,,,,,,,Canada
CH4467,TV_CA,5,3300,0,0,TX,228.000,2908,0.0,1188.0,27.0,275.0,POINT,53.870556,-126.011389,,,,,,,,,Canada
CH4306,TV_CA,6,5253,0,0,TX,1.000,0,0.0,907.0,15.0,0.0,POINT,52.137778,-123.952222,,,,,,,,,Canada
CH4579,TV_CA,10,4690,0,0,TX,82.000,0,0.0,0.0,13.4,0.0,POINT,52.404167,-126.473611,,,,,,,,,Canada
CH4577,TV_CA,8,4690,0,0,TX,82.000,0,0.0,10.0,13.4,0.0,POINT,52.404167,-126.473611,,,,,,,,,Canada
CH4578,TV_CA,9,4690,0,0,TX,82.000,0,0.0,10.0,13.4,0.0,POINT,52.404167,-126.473611,,,,,,,,,Canada
CH4580,TV_CA,12,4690,0,0,TX,82.000,0,0.0,10.0,13.4,0.0,POINT,52.404167,-126.473611,,,,,,,,,Canada
CH5330,TV_CA,13,4690,0,0,TX,0.000,0,0.0,10.0,13.4,0.0,POINT,52.404167,-126.473611,,,,,,,,,Canada
CH4373,TV_CA,4,5395,0,0,TX,16.000,0,0.0,210.0,19.5,0.0,POINT,50.097778,-124.961389,,,,,,,,,Canada
CH4297,TV_CA,2,5403,0,0,TX,5.000,0,0.0,2500.0,10.0,0.0,POINT,50.784167,-122.825833,,,,,,,,,Canada
CH4298,TV_CA,5,5403,0,0,TX,5.000,0,0.0,2500.0,8.0,0.0,POINT,50.784167,-122.825833,,,,,,,,,Canada
CH4299,TV_CA,8,5403,0,0,TX,5.000,0,0.0,2500.0,8.0,0.0,POINT,50.784167,-122.825833,,,,,,,,,Canada
CH4300,TV_CA,13,5403,0,0,TX,5.000,0,0.0,2500.0,8.0,0.0,POINT,50.784167,-122.825833,,,,,,,,,Canada
CH4314,TV_CA,10,5403,0,0,TX,5.000,0,0.0,2500.0,8.0,0.0,POINT,50.784167,-122.825833,,,,,,,,,Canada
CH4430,TV_CA,2,5718,0,0,TX,6.000,0,0.0,1440.0,0.0,0.0,POINT,51.491389,-123.775278,,,,,,,,,Canada
CH4404,TV_CA,8,5136,0,0,TX,50.000,0,0.0,1219.0,30.0,0.0,POINT,51.463611,-123.949167,,,,,,,,,Canada
CH4427,TV_CA,2,5717,0,0,TX,6.000,0,0.0,1340.0,0.0,0.0,POINT,51.434722,-124.019167,,,,,,,,,Canada
CIAC-TV,TV_CA,11,1075,0,0,TX,0.000,0,0.0,1341.1,15.2,0.0,POINT,51.835833,-123.052778,,,,,,,,,Canada
CH2045,TV_CA,8,6271,0,0,TX,8.000,0,0.0,0.0,0.0,0.0,POINT,51.080556,-121.311389,,,,,,,,,Canada
CH2047,TV_CA,12,6271,0,0,TX,8.000,0,0.0,0.0,0.0,0.0,POINT,51.080556,-121.311389,,,,,,,,,Canada
CH2044,TV_CA,7,6271,0,0,TX,39.000,0,0.0,0.0,0.0,0.0,POINT,51.080556,-121.311389,,,,,,,,,Canada
CH2046,TV_CA,10,6271,0,0,TX,39.000,0,0.0,0.0,0.0,0.0,POINT,51.080556,-121.311389,,,,,,,,,Canada
CHTS-TV-1,TV_CA,13,1080,0,0,TX,80.000,0,0.0,1920.2,12.2,0.0,POINT,51.091667,-121.663889,,,,,,,,,Canada
CFJC-TV-4,TV_CA,9,4896,0,0,TX,204.000,2422,0.0,1998.3,18.0,617.0,POINT,51.093333,-121.665833,,,,,,,,,Canada
CH2041,TV_CA,11,1080,0,0,TX,23.000,0,0.0,0.0,0.0,0.0,POINT,51.092500,-121.584444,,,,,,,,,Canada
CH2040,TV_CA,7,1080,0,0,TX,5.000,0,0.0,0.0,0.0,0.0,POINT,51.092500,-121.584444,,,,,,,,,Canada
CH4338,TV_CA,11,1104,0,0,TX,61.000,0,0.0,396.0,10.0,0.0,POINT,50.762500,-120.868056,,,,,,,,,Canada
CFSC-TV-2,TV_CA,8,1104,0,0,TX,55.000,0,0.0,381.0,15.2,0.0,POINT,50.762500,-120.868056,,,,,,,,,Canada
CFSC-TV-1,TV_CA,13,1104,0,0,TX,4.000,0,0.0,381.0,15.2,0.0,POINT,50.762500,-120.868056,,,,,,,,,Canada
CJAC-TV-2,TV_CA,5,1091,0,0,TX,60.000,0,0.0,438.9,12.2,0.0,POINT,50.741667,-121.276389,,,,,,,,,Canada
CHAC-TV-2,TV_CA,2,1091,0,0,TX,63.000,0,0.0,438.9,12.2,0.0,POINT,50.741667,-121.276389,,,,,,,,,Canada
CH4472,TV_CA,4,1091,0,0,TX,74.000,0,0.0,442.0,15.0,0.0,POINT,50.741667,-121.276389,,,,,,,,,Canada
CH4327,TV_CA,38,1091,0,0,TX,107.000,0,0.0,427.0,20.0,0.0,POINT,50.741667,-121.276389,,,,,,,,,Canada
CH4473,TV_CA,8,5612,0,0,TX,49.000,0,0.0,610.0,45.0,0.0,POINT,50.805556,-121.318056,,,,,,,,,Canada
CJAC-TV-1,TV_CA,10,5612,0,0,TX,30.000,0,0.0,621.8,12.2,0.0,POINT,50.805556,-121.318056,,,,,,,,,Canada
CHAC-TV-1,TV_CA,12,5612,0,0,TX,20.000,0,0.0,621.8,12.2,0.0,POINT,50.805556,-121.318056,,,,,,,,,Canada
CH4328,TV_CA,24,5612,0,0,TX,40.000,0,0.0,0.0,0.0,0.0,POINT,50.805556,-121.318056,,,,,,,,,Canada
CJNA-TV-1,TV_CA,3,822,0,0,TX,7.000,0,0.0,926.6,12.2,0.0,POINT,50.438889,-121.280556,,,,,,,,,Canada
CIPV-TV-2,TV_CA,11,2693,0,0,TX,3.000,0,0.0,0.0,3.0,0.0,POINT,50.900000,-121.773889,,,,,,,,,Canada
CIPV-TV,TV_CA,12,2693,0,0,TX,2.000,0,0.0,0.0,6.1,0.0,POINT,50.900000,-121.773889,,,,,,,,,Canada
CIPV-TV-1,TV_CA,4,2693,0,0,TX,3.000,0,0.0,0.0,3.0,0.0,POINT,50.900000,-121.773889,,,,,,,,,Canada
CH4419,TV_CA,7,5754,0,0,TX,38.000,0,0.0,396.0,0.0,0.0,POINT,50.721944,-122.251667,,,,,,,,,Canada
CH4420,TV_CA,8,5754,0,0,TX,38.000,0,0.0,396.0,0.0,0.0,POINT,50.721944,-122.251667,,,,,,,,,Canada
CH4421,TV_CA,9,5754,0,0,TX,38.000,0,0.0,396.0,0.0,0.0,POINT,50.721944,-122.251667,,,,,,,,,Canada
CH4422,TV_CA,10,5754,0,0,TX,38.000,0,0.0,396.0,0.0,0.0,POINT,50.721944,-122.251667,,,,,,,,,Canada
CH4423,TV_CA,11,5754,0,0,TX,38.000,0,0.0,396.0,0.0,0.0,POINT,50.721944,-122.251667,,,,,,,,,Canada
CH4424,TV_CA,12,5754,0,0,TX,38.000,0,0.0,396.0,0.0,0.0,POINT,50.721944,-122.251667,,,,,,,,,Canada
CH4425,TV_CA,13,5754,0,0,TX,38.000,0,0.0,396.0,0.0,0.0,POINT,50.721944,-122.251667,,,,,,,,,Canada
CH4575,TV_CA,3,5960,0,0,TX,26.000,0,0.0,0.0,0.0,0.0,POINT,50.545833,-122.468056,,,,,,,,,Canada
CH4576,TV_CA,5,5960,0,0,TX,26.000,0,0.0,0.0,0.0,0.0,POINT,50.545833,-122.468056,,,,,,,,,Canada
CH2128,TV_CA,2,5950,0,0,TX,0.000,0,0.0,0.0,0.0,0.0,POINT,50.313611,-122.828889,,,,,,,,,Canada
CH4553,TV_CA,8,5950,0,0,TX,57.000,0,0.0,0.0,0.0,0.0,POINT,50.313611,-122.828889,,,,,,,,,Canada
CH4552,TV_CA,6,5950,0,0,TX,38.000,0,0.0,0.0,0.0,0.0,POINT,50.313611,-122.828889,,,,,,,,,Canada
CH2129,TV_CA,10,5950,0,0,TX,0.000,0,0.0,0.0,0.0,0.0,POINT,50.313611,-122.828889,,,,,,,,,Canada
CH2130,TV_CA,13,5950,0,0,TX,0.000,0,0.0,0.0,0.0,0.0,POINT,50.313611,-122.828889,,,,,,,,,Canada
CH5568,TV_CA,2,1033,0,0,TX,19.000,0,0.0,0.0,4.6,0.0,POINT,50.614722,-121.879722,,,,,,,,,Canada
CFDF-TV-2,TV_CA,13,1033,0,0,TX,18.000,0,0.0,0.0,4.6,0.0,POINT,50.614722,-121.879722,,,,,,,,,Canada
CH5526,TV_CA,41,1033,0,0,TX,164.000,0,0.0,0.0,6.0,0.0,POINT,50.614722,-121.879722,,,,,,,,,Canada
CH5527,TV_CA,43,1033,0,0,TX,164.000,0,0.0,0.0,6.0,0.0,POINT,50.614722,-121.879722,,,,,,,,,Canada
CH4311,TV_CA,39,1033,0,0,TX,130.000,0,0.0,0.0,5.0,0.0,POINT,50.614722,-121.879722,,,,,,,,,Canada
CH5525,TV_CA,22,1033,0,0,TX,131.000,0,0.0,0.0,4.1,0.0,POINT,50.614722,-121.879722,,,,,,,,,Canada
CHWS-TV-2,TV_CA,11,2758,0,0,TX,126.000,0,0.0,1987.3,7.6,0.0,POINT,50.343056,-121.591667,,,,,,,,,Canada
CILY-TV-2,TV_CA,8,2758,0,0,TX,126.000,0,0.0,1987.3,7.6,0.0,POINT,50.343056,-121.591667,,,,,,,,,Canada
CH4321,TV_CA,10,2758,0,0,TX,18.000,0,0.0,0.0,15.2,0.0,POINT,50.244444,-121.581944,,,,,,,,,Canada
CFJC-TV-3,TV_CA,8,4895,0,0,TX,40.000,0,0.0,1693.5,16.8,0.0,POINT,50.052778,-120.757500,,,,,,,,,Canada
CFJC-TV-12,TV_CA,10,4901,0,0,TX,30.000,0,0.0,1706.9,18.3,0.0,POINT,50.194444,-120.972222,,,,,,,,,Canada
CH4277,TV_CA,9,5437,0,0,TX,22.000,0,0.0,738.0,0.0,0.0,POINT,50.029722,-120.855000,,,,,,,,,Canada
CH4278,TV_CA,13,5437,0,0,TX,22.000,0,0.0,738.0,0.0,0.0,POINT,50.029722,-120.855000,,,,,,,,,Canada
CH4315,TV_CA,7,5437,0,0,TX,22.000,0,0.0,738.0,0.0,0.0,POINT,50.029722,-120.855000,,,,,,,,,Canada
CH4341,TV_CA,7,5730,0,0,TX,1.000,0,0.0,0.0,4.0,0.0,POINT,50.291944,-121.177500,,,,,,,,,Canada
CH4475,TV_CA,15,822,0,0,TX,77.000,0,0.0,284.0,31.0,-259.0,POINT,50.425556,-121.314167,,,,,,,,,Canada
CH4476,TV_CA,19,822,0,0,TX,77.000,0,0.0,284.0,31.0,-259.0,POINT,50.425556,-121.314167,,,,,,,,,Canada
CH4480,TV_CA,23,822,0,0,TX,77.000,0,0.0,284.0,31.0,-259.0,POINT,50.425556,-121.314167,,,,,,,,,Canada
CH2330,TV_CA,9,822,0,0,TX,13.000,0,0.0,286.0,31.0,-257.0,POINT,50.425556,-121.314167,,,,,,,,,Canada
CH4444,TV_CA,11,822,0,0,TX,13.000,0,0.0,286.0,31.0,-257.0,POINT,50.425556,-121.314167,,,,,,,,,Canada
CJNA-TV-2,TV_CA,7,822,0,0,TX,13.000,0,0.0,286.0,31.0,-257.0,POINT,50.425556,-121.314167,,,,,,,,,Canada
CH4474,TV_CA,13,822,0,0,TX,77.000,0,0.0,286.0,31.0,-257.0,POINT,50.425556,-121.314167,,,,,,,,,Canada
CH4348,TV_CA,16,5730,0,0,TX,10.000,0,0.0,0.0,0.0,0.0,POINT,50.290000,-121.193056,,,,,,,,,Canada
CHIR-TV,TV_CA,19,5730,0,0,TX,10.000,0,0.0,0.0,0.0,0.0,POINT,50.290000,-121.193056,,,,,,,,,Canada
CH5533-DT,TV_CA,28,1032,0,0,DT,228.000,9559,0.0,1203.0,55.7,71.0,POINT,50.500278,-120.813056,,,,,,,,,Canada
CH5532-DT,TV_CA,24,1032,0,0,DT,228.000,9558,0.0,1203.0,55.7,71.0,POINT,50.500278,-120.813056,,,,,,,,,Canada
CH5531-DT,TV_CA,20,1032,0,0,DT,228.000,9557,0.0,1203.0,55.7,71.0,POINT,50.500278,-120.813056,,,,,,,,,Canada
CH5530-DT,TV_CA,16,1032,0,0,DT,228.000,9556,0.0,1203.0,55.7,71.0,POINT,50.500278,-120.813056,,,,,,,,,Canada
CH2517-DT,TV_CA,46,1032,0,0,DT,227.000,8970,0.0,1198.0,55.7,66.0,POINT,50.500278,-120.813056,,,,,,,,,Canada
CH3083-DT,TV_CA,34,1032,0,0,DT,227.000,8967,0.0,1198.0,55.7,66.0,POINT,50.500278,-120.813056,,,,,,,,,Canada
CH3084-DT,TV_CA,38,1032,0,0,DT,227.000,8968,0.0,1198.0,55.7,66.0,POINT,50.500278,-120.813056,,,,,,,,,Canada
CH4697-DT,TV_CA,42,1032,0,0,DT,227.000,8969,0.0,1198.0,55.7,66.0,POINT,50.500278,-120.813056,,,,,,,,,Canada
CH5534-DT,TV_CA,32,1032,0,0,DT,227.000,8971,0.0,1203.0,55.7,66.0,POINT,50.500278,-120.813056,,,,,,,,,Canada
CH5536-DT,TV_CA,40,1032,0,0,DT,227.000,8973,0.0,1203.0,55.7,66.0,POINT,50.500278,-120.813056,,,,,,,,,Canada
CH5537-DT,TV_CA,48,1032,0,0,DT,227.000,8974,0.0,1203.0,55.7,66.0,POINT,50.500278,-120.813056,,,,,,,,,Canada
CH5535-DT,TV_CA,36,1032,0,0,DT,227.000,8972,0.0,1203.0,55.7,66.0,POINT,50.500278,-120.806944,,,,,,,,,Canada
CH2512,TV_CA,7,1032,0,0,TX,0.000,0,0.0,0.0,45.7,0.0,POINT,50.501111,-120.814167,,,,,,,,,Canada
CH2513,TV_CA,9,1032,0,0,TX,0.000,0,0.0,0.0,45.7,0.0,POINT,50.501111,-120.814167,,,,,,,,,Canada
CH2514,TV_CA,11,1032,0,0,TX,0.000,0,0.0,0.0,45.7,0.0,POINT,50.501111,-120.814167,,,,,,,,,Canada
CH2515,TV_CA,13,1032,0,0,TX,0.000,0,0.0,0.0,45.7,0.0,POINT,50.501111,-120.814167,,,,,,,,,Canada
CH3082,TV_CA,5,1032,0,0,TX,42.000,0,0.0,1183.0,43.0,33.7,POINT,50.501111,-120.814167,,,,,,,,,Canada
CH5530,TV_CA,16,1032,0,0,TX,280.000,0,0.0,53.0,0.0,0.0,POINT,50.501111,-120.814167,,,,,,,,,Canada
CH5531,TV_CA,20,1032,0,0,TX,280.000,0,0.0,53.0,0.0,0.0,POINT,50.501111,-120.814167,,,,,,,,,Canada
CH5532,TV_CA,24,1032,0,0,TX,280.000,0,0.0,53.0,0.0,0.0,POINT,50.501111,-120.814167,,,,,,,,,Canada
CH5533,TV_CA,28,1032,0,0,TX,280.000,0,0.0,53.0,0.0,0.0,POINT,50.501111,-120.814167,,,,,,,,,Canada
CH5534,TV_CA,32,1032,0,0,TX,280.000,0,0.0,53.0,0.0,0.0,POINT,50.501111,-120.814167,,,,,,,,,Canada
CH5535,TV_CA,36,1032,0,0,TX,280.000,0,0.0,53.0,0.0,0.0,POINT,50.501111,-120.814167,,,,,,,,,Canada
CH5536,TV_CA,40,1032,0,0,TX,280.000,0,0.0,53.0,0.0,0.0,POINT,50.501111,-120.814167,,,,,,,,,Canada
CH5537,TV_CA,48,1032,0,0,TX,280.000,0,0.0,53.0,0.0,0.0,POINT,50.501111,-120.814167,,,,,,,,,Canada
CH2516,TV_CA,14,1032,0,0,TX,240.000,0,0.0,1198.0,50.0,65.0,POINT,50.501111,-120.814167,,,,,,,,,Canada
CH2517,TV_CA,46,1032,0,0,TX,240.000,0,0.0,1198.0,50.0,65.0,POINT,50.501111,-120.814167,,,,,,,,,Canada
CH2518,TV_CA,18,1032,0,0,TX,240.000,0,0.0,1198.0,50.0,65.0,POINT,50.501111,-120.814167,,,,,,,,,Canada
CH2519,TV_CA,26,1032,0,0,TX,240.000,0,0.0,1198.0,50.0,65.0,POINT,50.501111,-120.814167,,,,,,,,,Canada
CH2520,TV_CA,30,1032,0,0,TX,240.000,0,0.0,1198.0,50.0,65.0,POINT,50.501111,-120.814167,,,,,,,,,Canada
CH3083,TV_CA,34,1032,0,0,TX,240.000,0,0.0,1198.0,50.0,65.0,POINT,50.501111,-120.814167,,,,,,,,,Canada
CH3084,TV_CA,38,1032,0,0,TX,240.000,0,0.0,1198.0,50.0,65.0,POINT,50.501111,-120.814167,,,,,,,,,Canada
CH4697,TV_CA,42,1032,0,0,TX,240.000,0,0.0,1198.0,50.0,65.0,POINT,50.501111,-120.814167,,,,,,,,,Canada
CHBC-TV-7,TV_CA,7,4959,0,0,TX,0.000,0,0.0,1030.0,0.0,0.0,POINT,49.525000,-119.638611,,,,,,,,,Canada
CHBC-DT-1,TV_CA,32,4953,0,0,DT,3000.000,9283,0.0,1338.6,33.0,348.1,POINT,49.659444,-119.572778,,,,,,,,,Canada
CHKL-DT-1,TV_CA,30,4978,0,0,DT,3000.000,9280,0.0,1338.6,33.0,348.1,POINT,49.659444,-119.572778,,,,,,,,,Canada
CH4322,TV_CA,29,1862,0,0,TX,595.000,0,0.0,426.0,16.0,0.0,POINT,49.705000,-119.748611,,,,,,,,,Canada
CIPL-TV,TV_CA,9,1862,0,0,TX,62.000,0,0.0,0.0,0.0,0.0,POINT,49.705000,-119.748611,,,,,,,,,Canada
CHPT-TV-1,TV_CA,4,1862,0,0,TX,45.000,0,0.0,487.7,15.2,0.0,POINT,49.705000,-119.748611,,,,,,,,,Canada
CKKM-TV,TV_CA,3,1646,0,0,TX,930.000,0,0.0,1892.8,35.4,964.0,POINT,49.137500,-119.670556,,,,,,,,,Canada
CH4319,TV_CA,26,604,0,0,TX,92.000,0,0.0,861.0,30.0,0.0,POINT,49.228056,-119.805278,,,,,,,,,Canada
CHKC-TV-2,TV_CA,6,604,0,0,TX,76.000,0,0.0,853.4,15.2,0.0,POINT,49.228056,-119.805278,,,,,,,,,Canada
CHKC-TV-5,TV_CA,11,604,0,0,TX,38.000,0,0.0,853.4,15.2,0.0,POINT,49.228056,-119.805278,,,,,,,,,Canada
CH4568,TV_CA,22,604,0,0,TX,85.000,0,0.0,0.0,0.0,0.0,POINT,49.187222,-119.694167,,,,,,,,,Canada
CHKC-TV-1,TV_CA,9,604,0,0,TX,18.000,0,0.0,1226.8,15.2,0.0,POINT,49.187222,-119.694167,,,,,,,,,Canada
CHBC-TV-3,TV_CA,8,4955,0,0,TX,220.000,2464,0.0,758.1,20.4,-76.0,POINT,49.100000,-119.580278,,,,,,,,,Canada
CHBC-TV-9,TV_CA,13,3929,0,0,TX,12.000,0,0.0,2247.0,5.0,0.0,POINT,49.359444,-119.909444,,,,,,,,,Canada
CHNJ-TV-1,TV_CA,11,490,0,0,TX,10.000,0,0.0,1922.7,7.6,0.0,POINT,49.360556,-119.910833,,,,,,,,,Canada
CH4292,TV_CA,8,5471,0,0,TX,4.000,0,0.0,1372.0,4.0,0.0,POINT,49.490278,-120.412222,,,,,,,,,Canada
CH4293,TV_CA,12,5471,0,0,TX,4.000,0,0.0,1372.0,4.0,0.0,POINT,49.490278,-120.412222,,,,,,,,,Canada
CH4416,TV_CA,10,5381,0,0,TX,7.000,0,0.0,1280.0,3.0,0.0,POINT,49.518333,-120.737222,,,,,,,,,Canada
CFCU-TV,TV_CA,5,5381,0,0,TX,1.000,0,0.0,1280.0,3.0,0.0,POINT,49.518333,-120.737222,,,,,,,,,Canada
CFTB-TV,TV_CA,8,5381,0,0,TX,2.000,0,0.0,1280.0,3.0,0.0,POINT,49.518333,-120.737222,,,,,,,,,Canada
CH4403,TV_CA,2,5388,0,0,TX,10.000,0,0.0,762.0,0.0,0.0,POINT,49.544167,-120.757222,,,,,,,,,Canada
CHNU-DT,TV_CA,47,6780,0,0,DT,21400.000,8082,0.0,493.5,36.6,335.0,POINT,49.063056,-122.216667,,,,,,,,,Canada
CFEG-TV,TV_CA,19,6566,0,0,TX,50.000,0,0.0,73.0,100.0,0.0,POINT,49.051944,-122.341389,,,,,,,,,Canada
CHAN-TV-1,TV_CA,11,4971,0,0,TX,71.000,0,0.0,655.3,15.2,0.0,POINT,49.069167,-122.028056,,,,,,,,,Canada
CHEK-DT,TV_CA,49,393,0,0,DT,28000.000,8547,0.0,496.0,128.1,480.0,POINT,48.774167,-123.170833,,,,,,,,,Canada
CHAN-TV-2,TV_CA,3,4972,0,0,TX,50.000,0,0.0,532.5,30.5,0.0,POINT,49.387778,-123.378056,,,,,,,,,Canada
CHAN-TV-6,TV_CA,23,2214,0,0,TX,19300.000,2435,0.0,304.4,51.8,174.3,POINT,49.221944,-124.004167,,,,,,,,,Canada
CHAN-TV-3,TV_CA,7,4973,0,0,TX,62.000,0,0.0,307.9,24.4,0.0,POINT,49.647500,-123.210833,,,,,,,,,Canada
CHNM-DT,TV_CA,20,7128,0,0,DT,8300.000,7662,0.0,980.9,119.5,670.0,POINT,49.357222,-122.953611,,,,,,,,,Canada
CKVU-DT,TV_CA,33,1450,0,0,DT,8300.000,8325,0.0,980.9,119.5,670.0,POINT,49.357222,-122.953611,,,,,,,,,Canada
CBUFT-DT,TV_CA,26,712,0,0,DT,27520.000,8126,0.0,930.5,90.0,615.4,POINT,49.353333,-122.955000,,,,,,,,,Canada
CIVI-DT-2,TV_CA,17,6790,0,0,DT,35000.000,8168,0.0,938.1,91.4,634.3,POINT,49.354444,-122.958333,,,,,,,,,Canada
CBUT-DT(1),TV_CA,43,322,0,0,DT,103340.000,8129,0.0,930.5,90.0,615.4,POINT,49.353611,-122.956389,,,,,,,,,Canada
CHAN-DT,TV_CA,22,532,0,0,DT,40000.000,7920,0.0,980.9,119.5,656.0,POINT,49.357222,-122.953611,,,,,,,,,Canada
CIVT-DT,TV_CA,32,6302,0,0,DT,33000.000,7816,0.0,1051.2,117.0,740.3,POINT,49.357778,-122.953889,,,,,,,,,Canada
CHAN-TV-5,TV_CA,9,4975,0,0,TX,21.000,0,0.0,411.0,34.0,0.0,POINT,49.773333,-123.128889,,,,,,,,,Canada
CH4554,TV_CA,14,5950,0,0,TX,13.000,0,0.0,0.0,0.0,0.0,POINT,50.321667,-122.795278,,,,,,,,,Canada
CH4555,TV_CA,17,5950,0,0,TX,13.000,0,0.0,0.0,0.0,0.0,POINT,50.321667,-122.795278,,,,,,,,,Canada
CH2125,TV_CA,25,5950,0,0,TX,0.000,0,0.0,0.0,0.0,0.0,POINT,50.321667,-122.795278,,,,,,,,,Canada
CH2126,TV_CA,28,5950,0,0,TX,0.000,0,0.0,0.0,0.0,0.0,POINT,50.321667,-122.795278,,,,,,,,,Canada
CH2127,TV_CA,30,5950,0,0,TX,0.000,0,0.0,0.0,0.0,0.0,POINT,50.321667,-122.795278,,,,,,,,,Canada
CHAN-TV-7,TV_CA,9,4889,0,0,TX,31.000,0,0.0,771.0,27.5,0.0,POINT,50.145278,-122.973333,,,,,,,,,Canada
CHWM-TV-1,TV_CA,18,2230,0,0,TX,8.000,0,0.0,0.0,0.0,0.0,POINT,50.121944,-123.024167,,,,,,,,,Canada
CJWM-TV,TV_CA,21,2230,0,0,TX,1.000,0,0.0,1706.9,3.7,0.0,POINT,50.121944,-123.024167,,,,,,,,,Canada
CHEK-TV-5,TV_CA,13,2215,0,0,TX,3000.000,2499,0.0,1071.4,76.0,455.0,POINT,49.748333,-125.249444,,,,,,,,,Canada
CHAN-DT-4,TV_CA,25,4974,0,0,DT,4450.000,9798,0.0,1019.0,24.0,380.5,POINT,49.748333,-125.249444,,,,,,,,,Canada
CHAN-TV-4,TV_CA,11,4974,0,0,TX,2550.000,2335,0.0,1018.9,24.0,402.6,POINT,49.748333,-125.249444,,,,,,,,,Canada
CKVU-TV-1,TV_CA,5,5663,0,0,TX,17700.000,2662,0.0,418.7,72.2,82.5,POINT,49.593333,-125.011389,,,,,,,,,Canada
CHEK-TV-3,TV_CA,11,5236,0,0,TX,59.000,0,0.0,580.0,52.0,0.0,POINT,49.284444,-124.722222,,,,,,,,,Canada
CH4426,TV_CA,2,5390,0,0,TX,8.000,0,0.0,40.0,15.0,0.0,POINT,49.020556,-125.038889,,,,,,,,,Canada
CH4243,TV_CA,3,5404,0,0,TX,1.000,0,0.0,0.0,12.2,0.0,POINT,48.810278,-124.669722,,,,,,,,,Canada
CH4244,TV_CA,5,5404,0,0,TX,1.000,0,0.0,0.0,12.2,0.0,POINT,48.810278,-124.669722,,,,,,,,,Canada
CH4715,TV_CA,7,5404,0,0,TX,1.000,0,0.0,0.0,12.2,0.0,POINT,48.810278,-124.669722,,,,,,,,,Canada
CH4415,TV_CA,12,4065,0,0,TX,4.000,0,0.0,0.0,18.3,0.0,POINT,49.148333,-125.900000,,,,,,,,,Canada
CH4388,TV_CA,17,5418,0,0,TX,60.000,0,0.0,130.0,30.0,0.0,POINT,48.347500,-123.598056,,,,,,,,,Canada
CHNU-DT-1,TV_CA,21,8321,0,0,DT,3500.000,8104,0.0,119.7,87.7,99.4,POINT,48.425000,-123.336944,,,,,,,,,Canada
CHNM-DT-1,TV_CA,29,7985,0,0,DT,2750.000,7833,0.0,119.7,87.7,99.6,POINT,48.425000,-123.336944,,,,,,,,,Canada
CKVU-DT-2,TV_CA,27,7985,0,0,DT,2750.000,8203,0.0,119.7,87.7,99.6,POINT,48.425000,-123.336944,,,,,,,,,Canada
CIVI-DT,TV_CA,23,6791,0,0,DT,1500.000,8259,0.0,119.7,87.7,99.6,POINT,48.425000,-123.336944,,,,,,,,,Canada
CHCH-TV-5,TV_CA,38,6230,0,0,TX,5000.000,0,0.0,391.6,110.6,112.5,POINT,46.597222,-84.281389,,,,,,,,,Canada
CIII-DT-12,TV_CA,15,5415,0,0,DT,6000.000,9366,0.0,414.4,110.6,138.0,POINT,46.597222,-84.281389,,,,,,,,,Canada
CHBX-TV,TV_CA,2,3827,0,0,TX,100000.000,0,0.0,469.4,160.0,182.9,POINT,46.594444,-84.350000,,,,,,,,,Canada
CITO-TV-4,TV_CA,9,5080,0,0,TX,1550.000,1936,0.0,575.2,82.3,131.4,POINT,47.854167,-83.418889,,,,,,,,,Canada
CHCH-TV-7,TV_CA,11,6232,0,0,TX,3300.000,2785,0.0,431.0,169.2,142.2,POINT,48.470000,-81.296944,,,,,,,,,Canada
CIII-DT-13,TV_CA,13,5414,0,0,DT,30000.000,9394,0.0,471.0,169.2,175.0,POINT,48.470000,-81.296944,,,,,,,,,Canada
CITO-TV-1,TV_CA,10,3958,0,0,TX,17500.000,1796,0.0,337.4,126.5,102.5,POINT,49.391111,-82.357500,,,,,,,,,Canada
CITO-TV-3,TV_CA,4,5078,0,0,TX,7110.000,1798,0.0,411.5,182.9,165.0,POINT,49.647222,-83.513889,,,,,,,,,Canada
CHBX-TV-1,TV_CA,7,5079,0,0,TX,66400.000,1790,0.0,539.5,128.0,163.7,POINT,48.020278,-84.750000,,,,,,,,,Canada
CICO-DT-9,TV_CA,9,1489,0,0,DT,4500.000,7964,0.0,611.1,166.7,218.7,POINT,48.549722,-89.224444,,,,,,,,,Canada
CHFD-DT,TV_CA,4,401,0,0,DT,1200.000,8403,0.0,686.3,215.5,366.2,POINT,48.524167,-89.114722,,,,,,,,,Canada
CKPR-DT,TV_CA,2,401,0,0,DT,1200.000,8402,0.0,686.3,215.5,366.2,POINT,48.524167,-89.114722,,,,,,,,,Canada
CKRF-TV,TV_CA,13,2346,0,0,TX,44.000,0,0.0,304.8,18.3,0.0,POINT,67.569167,-139.860278,,,,,,,,,Canada
CH4094,TV_CA,13,5101,0,0,TX,5.000,0,0.0,959.5,15.0,0.0,POINT,63.908333,-135.299722,,,,,,,,,Canada
CFBF-TV,TV_CA,9,5625,0,0,TX,9.000,0,0.0,0.0,13.7,0.0,POINT,62.381111,-140.879444,,,,,,,,,Canada
CIMR-TV,TV_CA,13,1848,0,0,TX,48.000,0,0.0,1393.6,7.3,0.0,POINT,62.050556,-140.590556,,,,,,,,,Canada
CFPC-TV,TV_CA,13,1846,0,0,TX,30.000,0,0.0,0.0,0.0,0.0,POINT,62.822222,-136.577500,,,,,,,,,Canada
CH2011,TV_CA,7,1850,0,0,TX,1.000,0,0.0,0.0,5.0,0.0,POINT,63.371389,-136.680000,,,,,,,,,Canada
CH2012,TV_CA,13,1850,0,0,TX,1.000,0,0.0,0.0,5.0,0.0,POINT,63.371389,-136.680000,,,,,,,,,Canada
CFCS-TV,TV_CA,9,1850,0,0,TX,12.000,0,0.0,0.0,15.0,0.0,POINT,63.371389,-136.680000,,,,,,,,,Canada
CFYC-TV,TV_CA,13,1845,0,0,TX,18.000,0,0.0,0.0,0.0,0.0,POINT,62.083056,-136.286944,,,,,,,,,Canada
CFDB-TV,TV_CA,9,1844,0,0,TX,193.000,0,0.0,0.0,0.1,0.0,POINT,61.251667,-138.803333,,,,,,,,,Canada
CKWH-TV,TV_CA,4,9043,0,0,TX,5.000,0,0.0,0.0,0.0,20.0,POINT,60.750000,-135.094167,,,,,,,,,Canada
CFCZ-TV,TV_CA,13,1847,0,0,TX,8.000,0,0.0,609.7,14.1,0.0,POINT,60.177500,-134.699444,,,,,,,,,Canada
CH2952,TV_CA,9,4824,0,0,TX,62.000,0,0.0,1067.0,9.1,0.0,POINT,60.274722,-134.193889,,,,,,,,,Canada
CFRR-TV-1,TV_CA,9,1224,0,0,TX,14.000,0,0.0,693.0,14.1,0.0,POINT,61.975000,-132.446667,,,,,,,,,Canada
CH3393,TV_CA,6,9393,0,0,TX,40.000,0,0.0,32.0,0.0,-53.8,POINT,67.445000,-133.741667,,,,,,,,,Canada
CH4113,TV_CA,12,5214,0,0,TX,11.000,0,0.0,315.0,0.0,0.0,POINT,52.618889,-94.047778,,,,,,,,,Canada
CH4116,TV_CA,13,5225,0,0,TX,6.000,0,0.0,325.0,0.0,0.0,POINT,52.508889,-93.015278,,,,,,,,,Canada
CH4263,TV_CA,11,5288,0,0,TX,0.000,0,0.0,123.0,0.0,0.0,POINT,51.720000,-91.815556,,,,,,,,,Canada
CJBN-TV,TV_CA,13,1765,0,0,TX,178.000,0,0.0,419.1,65.5,86.6,POINT,49.767778,-94.523056,,,,,,,,,Canada
CKY-DT,TV_CA,7,486,0,0,DT,24000.000,9187,0.0,507.7,279.4,274.5,POINT,49.580000,-97.168056,,,,,,,,,Canada
CIIT-DT,TV_CA,35,7065,0,0,DT,6000.000,8085,0.0,472.2,257.0,240.0,POINT,49.755556,-97.131389,,,,,,,,,Canada
XHBR-TV,TV_MX,11,178683,0,1267441,TV,325000.000,0,0.0,0.0,0.0,103.0,POINT,27.461111,-99.494444,,,,,,,,,CDBS
XHLAT-DT,TV_MX,51,166096,0,1113481,DT,550000.000,0,0.0,190.0,0.0,60.0,POINT,27.445833,-99.507500,,,,,,,,,CDBS
XHLNA-DT,TV_MX,50,166095,0,1113479,DT,550000.000,0,0.0,190.0,0.0,60.0,POINT,27.445833,-99.507500,,,,,,,,,CDBS
XHBR-DT,TV_MX,25,178684,0,1267442,DT,200000.000,98723,0.0,216.0,0.0,0.0,POINT,27.445000,-99.508333,,,,,,,,,CDBS
XEFE,TV_MX,2,98369,0,304179,TV,58300.000,105520,0.0,193.0,0.0,63.0,POINT,27.456944,-99.521667,,,,,,,,,CDBS
XEFE-TDT,TV_MX,17,191187,0,1542080,DT,125000.000,111791,0.0,75.0,0.0,0.0,POINT,27.456944,-99.521667,,,,,,,,,CDBS
XHSAW-DT,TV_MX,21,181251,0,1327205,DT,750000.000,0,0.0,403.0,0.0,0.0,POINT,26.482778,-100.191111,,,,,,,,,CDBS
XHSAW-TV,TV_MX,38,187227,0,1369873,TV,300000.000,100256,340.0,788.0,0.0,0.0,POINT,26.183611,-100.083611,,,,,,,,,CDBS
XHSAW-DT,TV_MX,21,187434,0,1372162,DT,100000.000,100429,0.0,1200.0,0.0,0.0,POINT,25.625639,-100.318583,,,,,,,,,CDBS
XHAW-TV,TV_MX,13,181010,0,1319446,TX,450.000,0,0.0,526.0,0.0,0.0,POINT,25.808889,-100.365556,,,,,,,,,CDBS
XHMOY-TDT,TV_MX,44,198071,0,1636243,DT,400000.000,118484,0.0,1713.0,0.0,0.0,POINT,25.631111,-100.234444,,,,,,,,,CDBS
XEFB-DT,TV_MX,45,185432,0,1361426,DT,400000.000,98651,0.0,1709.0,0.0,0.0,POINT,25.631111,-100.234444,,,,,,,,,CDBS
XET-TDT,TV_MX,31,185497,0,1361941,DT,200000.000,98720,0.0,1722.0,0.0,0.0,POINT,25.631111,-100.234444,,,,,,,,,CDBS
XHX-TDT,TV_MX,23,185498,0,1361950,DT,200000.000,98721,0.0,1722.0,0.0,0.0,POINT,25.631111,-100.234444,,,,,,,,,CDBS
XHCNL-DT,TV_MX,48,166106,0,1113918,DT,200000.000,98722,0.0,1716.0,0.0,0.0,POINT,25.631111,-100.234444,,,,,,,,,CDBS
XHMNU-TDT,TV_MX,35,198073,0,1636343,DT,40000.000,118507,0.0,595.0,0.0,0.0,POINT,25.725417,-100.310278,,,,,,,,,CDBS
XET,TV_MX,6,98663,0,304899,TV,80000.000,0,0.0,0.0,0.0,977.0,POINT,25.631111,-100.234444,,,,,,,,,CDBS
XHX,TV_MX,10,97065,0,301568,TV,330000.000,0,0.0,0.0,0.0,60.0,POINT,25.669722,-100.307222,,,,,,,,,CDBS
XHAW-TDT,TV_MX,25,185431,0,1361423,DT,192125.000,98650,0.0,1220.0,0.0,0.0,POINT,25.625806,-100.318583,,,,,,,,,CDBS
XHFN-TDT,TV_MX,43,180722,0,1300576,DT,400000.000,118487,0.0,1251.0,0.0,0.0,POINT,25.627167,-100.321389,,,,,,,,,CDBS
XHWX-TDT,TV_MX,39,180721,0,1300560,DT,400000.000,118487,0.0,1251.0,0.0,0.0,POINT,25.627167,-100.321389,,,,,,,,,CDBS
XEFB,TV_MX,2,98367,0,304176,TV,100000.000,0,0.0,0.0,0.0,291.0,POINT,25.669722,-100.306944,,,,,,,,,CDBS
XHAW-TV,TV_MX,12,177945,0,1240302,TX,85.000,0,0.0,0.0,0.0,24.0,POINT,25.705833,-99.240278,,,,,,,,,CDBS
XHWX-TDT,TV_MX,39,189635,0,1432088,LD,124.000,105430,0.0,185.0,0.0,0.0,POINT,25.707778,-99.254167,,,,,,,,,CDBS
XHRIO,TV_MX,2,189811,0,1440139,TV,98600.000,0,0.0,0.0,0.0,100.0,POINT,25.879444,-97.519167,,,,,,,,,CDBS
XHOR-14,TV_MX,14,98391,0,304211,TX,15000.000,0,0.0,0.0,0.0,0.6,POINT,26.085278,-98.276944,,,,,,,,,CDBS
XHVTV-DT,TV_MX,51,190110,0,1480368,LD,15000.000,0,0.0,87.0,0.0,0.0,POINT,26.076944,-98.287222,,,,,,,,,CDBS
XHREY-TDT,TV_MX,36,179313,0,1280016,DT,400000.000,90345,0.0,108.0,0.0,73.0,POINT,26.085278,-98.276944,,,,,,,,,CDBS
XERVTV,TV_MX,9,97223,0,302043,TV,325000.000,0,0.0,125.0,0.0,0.0,POINT,26.055556,-98.368611,,,,,,,,,CDBS
XHOR-TDT,TV_MX,33,190135,0,1483002,LD,22700.000,0,0.0,173.0,0.0,0.0,POINT,26.085278,-98.276944,,,,,,,,,CDBS
XHVTV-TDT,TV_MX,51,178635,0,1265519,DT,250000.000,0,0.0,226.0,0.0,0.0,POINT,25.942500,-97.906944,,,,,,,,,CDBS
XHTAM-TDT,TV_MX,28,198109,0,1638687,DT,300000.000,118611,0.0,260.0,0.0,0.0,POINT,25.943333,-97.849167,,,,,,,,,CDBS
XHRBA-TDT,TV_MX,41,198108,0,1638667,DT,200000.000,118609,0.0,120.0,0.0,0.0,POINT,25.893056,-97.842500,,,,,,,,,CDBS
XHOR-DT,TV_MX,33,165465,0,1086973,DT,550000.000,0,0.0,68.0,0.0,60.0,POINT,25.871944,-97.503056,,,,,,,,,CDBS
XHMTA-DT,TV_MX,51,165466,0,1086975,DT,550000.000,0,0.0,51.0,0.0,43.0,POINT,25.871944,-97.503056,,,,,,,,,CDBS
XHVTV-DT,TV_MX,51,189634,0,1432059,LD,15000.000,100445,0.0,95.0,0.0,0.0,POINT,25.875556,-97.498889,,,,,,,,,CDBS
XHABTV,TV_MX,7,97867,0,303196,TV,325000.000,0,0.0,74.0,0.0,0.0,POINT,25.859444,-97.517778,,,,,,,,,CDBS
XHVSL-TV,TV_MX,7,178670,0,1266745,TX,2500.000,0,0.0,116.0,0.0,0.0,POINT,22.757778,-98.964722,,,,,,,,,CDBS
XHVTU-DT,TV_MX,50,180753,0,1303757,DT,50000.000,0,0.0,340.0,0.0,0.0,POINT,23.719361,-99.146111,,,,,,,,,CDBS
XHVTU-TV,TV_MX,7,180723,0,1300734,TV,325000.000,0,0.0,356.0,0.0,0.0,POINT,23.719444,-99.146111,,,,,,,,,CDBS
XHCVT-TDT,TV_MX,24,190044,0,1456857,DT,50000.000,107234,0.0,417.0,0.0,0.0,POINT,23.717778,-99.146944,,,,,,,,,CDBS
XHCDT-TDT,TV_MX,29,189981,0,1448332,DT,50000.000,106865,0.0,417.0,0.0,0.0,POINT,23.717694,-99.146667,,,,,,,,,CDBS
XHHP-TDT,TV_MX,28,190060,0,1463523,DT,100000.000,107400,0.0,36.0,0.0,0.0,POINT,23.765556,-98.208333,,,,,,,,,CDBS
XERV-TV,TV_MX,9,185491,0,1361767,TX,150.000,0,0.0,50.0,0.0,0.0,POINT,25.425556,-98.041667,,,,,,,,,CDBS
XHAB-TV,TV_MX,7,185685,0,1364506,TX,150.000,0,0.0,50.0,0.0,0.0,POINT,25.425556,-98.041667,,,,,,,,,CDBS
XHFET-TDT,TV_MX,21,190059,0,1463512,DT,100000.000,107398,0.0,88.0,0.0,0.0,POINT,24.858056,-98.150556,,,,,,,,,CDBS
XHCNL-TV,TV_MX,38,178671,0,1266753,TX,25000.000,0,0.0,0.0,0.0,18.0,POINT,24.841389,-99.554167,,,,,,,,,CDBS
XHFN-TDT,TV_MX,43,185490,0,1361763,LD,124.000,98649,0.0,601.0,0.0,0.0,POINT,25.177028,-99.829722,,,,,,,,,CDBS
XHWX-TDT,TV_MX,39,189636,0,1432091,LD,99.000,105431,0.0,1770.0,0.0,0.0,POINT,24.824444,-100.085278,,,,,,,,,CDBS
XHAW-DT,TV_MX,25,186886,0,1368965,DT,20000.000,0,0.0,1673.0,0.0,0.0,POINT,25.412917,-101.004722,,,,,,,,,CDBS
XHLLO-TDT,TV_MX,33,190137,0,1483009,DT,50000.000,0,0.0,1713.0,0.0,0.0,POINT,25.411667,-101.002222,,,,,,,,,CDBS
XHAW-TDT,TV_MX,51,190794,0,1513683,DT,12250.000,0,0.0,1728.0,0.0,0.0,POINT,25.412917,-101.004722,,,,,,,,,CDBS
XHAD,TV_MX,7,98753,0,305164,TV,10600.000,0,0.0,0.0,0.0,-154.0,POINT,25.416111,-100.972222,,,,,,,,,CDBS
XHSTC-TDT,TV_MX,20,198069,0,1636177,DT,100000.000,0,0.0,1795.0,0.0,0.0,POINT,25.411389,-101.005000,,,,,,,,,CDBS
XHAE-TDT,TV_MX,24,198110,0,1638692,DT,100000.000,118612,0.0,1786.0,0.0,0.0,POINT,25.411389,-101.005000,,,,,,,,,CDBS
XHAE,TV_MX,5,98591,0,304709,TV,3600.000,0,0.0,0.0,0.0,70.0,POINT,25.418333,-100.980556,,,,,,,,,CDBS
XHSDD-TV,TV_MX,6,178669,0,1266744,TX,2600.000,0,0.0,0.0,0.0,30.0,POINT,27.866944,-101.416944,,,,,,,,,CDBS
XHCJ-TDT,TV_MX,26,190097,0,1478692,DT,150000.000,107618,0.0,410.0,0.0,0.0,POINT,27.841111,-101.130833,,,,,,,,,CDBS
XHSDD-TV,TV_MX,5,185220,0,1359054,TV,3800.000,0,0.0,407.0,0.0,0.0,POINT,27.880556,-101.139167,,,,,,,,,CDBS
XHCJ-TV,TV_MX,4,177944,0,1240298,TV,29600.000,0,0.0,0.0,0.0,50.0,POINT,27.841111,-101.130833,,,,,,,,,CDBS
XHMLA-TDT,TV_MX,27,189965,0,1446360,DT,50000.000,106783,0.0,880.0,0.0,0.0,POINT,26.850000,-101.410556,,,,,,,,,CDBS
XHHC-TDT,TV_MX,24,189980,0,1448328,DT,50000.000,106864,0.0,889.0,0.0,0.0,POINT,26.850000,-101.410556,,,,,,,,,CDBS
XHOAH-TV,TV_MX,10,188869,0,1407153,TX,5000.000,0,0.0,1145.0,0.0,0.0,POINT,25.655000,-102.396389,,,,,,,,,CDBS
XHO-TV,TV_MX,5,180640,0,1294990,TV,100000.000,0,0.0,0.0,0.0,14.0,POINT,25.766944,-103.013611,,,,,,,,,CDBS
XELN-TV,TV_MX,7,180641,0,1294992,TV,325000.000,0,0.0,0.0,0.0,22.0,POINT,25.766944,-103.013611,,,,,,,,,CDBS
XHIA00,TV_MX,2,98366,0,304175,TV,13500.000,0,0.0,0.0,0.0,173.0,POINT,25.533333,-103.438889,,,,,,,,,CDBS
XHO00,TV_MX,11,97134,0,301823,TV,10900.000,0,0.0,0.0,0.0,92.0,POINT,25.538889,-103.455000,,,,,,,,,CDBS
XELN00,TV_MX,4,98519,0,304531,TV,3680.000,0,0.0,0.0,0.0,39.0,POINT,25.533333,-103.436111,,,,,,,,,CDBS
XHJCH-TDT,TV_MX,24,190052,0,1459669,DT,100000.000,107341,0.0,1394.0,0.0,0.0,POINT,27.142500,-104.900000,,,,,,,,,CDBS
XHJMA,TV_MX,3,98434,0,304324,TV,800.000,0,0.0,0.0,0.0,30.0,POINT,26.861111,-105.663889,,,,,,,,,CDBS
XHCGJ-TDT,TV_MX,21,189982,0,1448340,DT,100000.000,106866,0.0,1254.0,0.0,0.0,POINT,27.672278,-105.181667,,,,,,,,,CDBS
XHAK,TV_MX,12,97218,0,302026,TV,8200.000,0,0.0,0.0,0.0,26.0,POINT,29.082222,-110.970000,,,,,,,,,CDBS
XEWH,TV_MX,6,98664,0,304900,TV,6650.000,0,0.0,0.0,0.0,52.0,POINT,29.074722,-110.960278,,,,,,,,,CDBS
XHHO-TDT,TV_MX,24,190042,0,1456842,DT,200000.000,107232,0.0,393.0,0.0,0.0,POINT,29.072778,-110.949722,,,,,,,,,CDBS
XHHSS-TDT,TV_MX,30,190043,0,1456849,DT,150000.000,107233,0.0,393.0,0.0,0.0,POINT,29.072778,-110.949722,,,,,,,,,CDBS
XHCAN-TV,TV_MX,4,189948,0,1445181,TX,3018.000,106716,0.0,1270.0,0.0,1250.0,POINT,31.320444,-109.517167,,,,,,,,,CDBS
XHCAN-TDT,TV_MX,25,190061,0,1463532,DT,100000.000,107401,0.0,1675.5,0.0,0.0,POINT,30.976944,-110.305000,,,,,,,,,CDBS
XHFA-TDT,TV_MX,15,190096,0,1478683,DT,150000.000,107617,0.0,1340.0,0.0,0.0,POINT,31.301806,-110.941111,,,,,,,,,CDBS
XHNOA-TDT,TV_MX,24,190051,0,1459656,DT,150000.000,107340,0.0,1352.5,0.0,0.0,POINT,31.301806,-110.941111,,,,,,,,,CDBS
XEFA,TV_MX,2,98368,0,304177,TV,874.000,0,0.0,0.0,0.0,-52.0,POINT,31.322222,-110.986111,,,,,,,,,CDBS
XHNSS-TDT,TV_MX,31,198131,0,1640053,DT,250000.000,118752,0.0,1636.5,0.0,0.0,POINT,31.289167,-110.992222,,,,,,,,,CDBS
XHNSS-TV,TV_MX,7,185200,0,1358795,TV,325000.000,0,0.0,1645.0,0.0,0.0,POINT,31.288889,-110.992222,,,,,,,,,CDBS
XHCGC-TDT,TV_MX,24,190028,0,1452543,DT,150000.000,107064,0.0,1490.0,0.0,0.0,POINT,30.405000,-107.904722,,,,,,,,,CDBS
XEJ-TDT-TV,TV_MX,50,180639,0,1294833,DT,100000.000,0,0.0,1715.0,0.0,476.0,POINT,31.670833,-106.519722,,,,,,,,,CDBS
XHIJ-DT,TV_MX,45,180719,0,1300544,DT,150000.000,0,0.0,1405.0,0.0,0.0,POINT,31.704444,-106.498611,,,,,,,,,CDBS
XEDI00,TV_MX,11,97132,0,301821,TV,5000.000,0,0.0,0.0,0.0,30.0,POINT,31.740000,-106.478056,,,,,,,,,CDBS
XEPM,TV_MX,2,98364,0,304172,TV,9450.000,0,0.0,0.0,0.0,29.0,POINT,31.705833,-106.478056,,,,,,,,,CDBS
XEPM-TDT,TV_MX,29,185495,0,1361937,DT,200000.000,98718,0.0,1385.0,0.0,0.0,POINT,31.709778,-106.493889,,,,,,,,,CDBS
XHJCI-TDT,TV_MX,41,198070,0,1636208,DT,300000.000,118480,0.0,1393.0,0.0,0.0,POINT,31.709722,-106.493889,,,,,,,,,CDBS
XEJ,TV_MX,5,98590,0,304708,TV,9950.000,0,0.0,0.0,0.0,62.0,POINT,31.705833,-106.478056,,,,,,,,,CDBS
XHFI,TV_MX,5,98589,0,304707,TV,23400.000,0,0.0,0.0,0.0,-76.0,POINT,28.633333,-106.075000,,,,,,,,,CDBS
XHFI-TDT,TV_MX,26,198111,0,1638695,DT,120000.000,0,0.0,1734.0,0.0,0.0,POINT,28.646944,-106.050000,,,,,,,,,CDBS
XHCH-TDT,TV_MX,22,189962,0,1446326,DT,100000.000,0,0.0,1775.5,0.0,0.0,POINT,28.646833,-106.050306,,,,,,,,,CDBS
XHECH-TDT,TV_MX,21,189964,0,1446352,DT,100000.000,0,0.0,1775.5,0.0,0.0,POINT,28.646833,-106.050306,,,,,,,,,CDBS
XHIT-TDT,TV_MX,23,189963,0,1446331,DT,100000.000,0,0.0,1775.5,0.0,0.0,POINT,28.646833,-106.050306,,,,,,,,,CDBS
XHCH,TV_MX,2,98363,0,304171,TV,100000.000,0,0.0,0.0,0.0,100.0,POINT,28.153611,-105.448333,,,,,,,,,CDBS
XHECH,TV_MX,11,97130,0,301819,TV,325000.000,0,0.0,0.0,0.0,129.0,POINT,28.153611,-105.448333,,,,,,,,,CDBS
XHIT,TV_MX,4,98517,0,304529,TV,100000.000,0,0.0,0.0,0.0,118.0,POINT,28.153611,-105.448333,,,,,,,,,CDBS
XHHR-TV,TV_MX,6,190041,0,1456825,TV,457.000,0,0.0,816.0,0.0,0.0,POINT,29.553889,-104.421111,,,,,,,,,CDBS
XHSDD-TV,TV_MX,11,185658,0,1364246,TX,2000.000,0,0.0,400.0,0.0,0.0,POINT,28.319722,-100.891111,,,,,,,,,CDBS
XHPNG-TDT,TV_MX,32,190138,0,1483014,DT,150000.000,0,0.0,340.0,0.0,0.0,POINT,28.686111,-100.550278,,,,,,,,,CDBS
XHHE-TDT,TV_MX,25,189966,0,1446367,DT,50000.000,106784,0.0,339.0,0.0,0.0,POINT,29.319000,-100.939444,,,,,,,,,CDBS
CIEW-TV,TV_CA,7,5593,0,0,TX,170000.000,2171,0.0,1065.5,335.6,334.7,POINT,49.810278,-102.687778,,,,,,,,,Canada
CHSO-TV,TV_CA,15,4480,0,0,TX,13.000,0,0.0,0.0,7.0,0.0,POINT,50.550000,-101.845000,,,,,,,,,Canada
CHBG-TV,TV_CA,17,4480,0,0,TX,13.000,0,0.0,0.0,8.0,0.0,POINT,50.550000,-101.845000,,,,,,,,,Canada
CICC-TV,TV_CA,10,5590,0,0,TX,56000.000,0,0.0,666.0,168.9,135.3,POINT,51.209167,-102.733611,,,,,,,,,Canada
CICC-TV-2,TV_CA,7,5591,0,0,TX,69000.000,2172,0.0,628.2,105.2,107.6,POINT,52.050000,-102.055556,,,,,,,,,Canada
CKYD-TV,TV_CA,12,5610,0,0,TX,140000.000,2248,0.0,1000.1,183.0,353.9,POINT,51.470556,-100.720000,,,,,,,,,Canada
CKND-TV-2,TV_CA,2,2027,0,0,TX,100000.000,0,0.0,979.5,389.5,396.2,POINT,50.283333,-100.110833,,,,,,,,,Canada
CKYB-TV,TV_CA,4,1059,0,0,TX,100000.000,2254,0.0,845.2,411.8,406.9,POINT,49.668056,-100.011667,,,,,,,,,Canada
CKND-DT-2,TV_CA,9,2027,0,0,DT,30500.000,9840,0.0,957.0,389.5,374.0,POINT,50.283333,-100.110833,,,,,,,,,Canada
CH5248,TV_CA,30,6476,0,0,TX,0.000,0,0.0,0.0,38.7,0.0,POINT,50.229722,-99.466111,,,,,,,,,Canada
CKYB-TV-1,TV_CA,13,4157,0,0,TX,140.000,0,0.0,0.0,48.8,0.0,POINT,50.672778,-99.603333,,,,,,,,,Canada
CHMI-DT,TV_CA,13,2780,0,0,DT,8300.000,7890,0.0,565.8,337.9,324.3,POINT,49.873889,-97.740833,,,,,,,,,Canada
CBWFT-DT,TV_CA,51,495,0,0,DT,7600.000,8145,0.0,372.1,151.8,138.9,POINT,49.895278,-97.138056,,,,,,,,,Canada
CBWT-DT,TV_CA,27,495,0,0,DT,42000.000,8147,0.0,371.8,151.8,138.6,POINT,49.895278,-97.138056,,,,,,,,,Canada
CKND-DT,TV_CA,40,1294,0,0,DT,25100.000,7842,0.0,363.6,135.4,131.2,POINT,49.895556,-97.139444,,,,,,,,,Canada
CH3073,TV_CA,14,4951,0,0,TX,14.000,0,0.0,220.0,30.0,0.0,POINT,50.789444,-96.980833,,,,,,,,,Canada
CH3074,TV_CA,17,4951,0,0,TX,14.000,0,0.0,220.0,30.0,0.0,POINT,50.789444,-96.980833,,,,,,,,,Canada
CH3075,TV_CA,20,4951,0,0,TX,14.000,0,0.0,220.0,30.0,0.0,POINT,50.789444,-96.980833,,,,,,,,,Canada
CH3076,TV_CA,23,4951,0,0,TX,14.000,0,0.0,220.0,30.0,0.0,POINT,50.789444,-96.980833,,,,,,,,,Canada
CH3077,TV_CA,26,4951,0,0,TX,14.000,0,0.0,220.0,30.0,0.0,POINT,50.789444,-96.980833,,,,,,,,,Canada
CH3078,TV_CA,29,4951,0,0,TX,14.000,0,0.0,220.0,30.0,0.0,POINT,50.789444,-96.980833,,,,,,,,,Canada
CKYA-TV,TV_CA,8,1283,0,0,TX,62000.000,2272,0.0,389.8,182.3,136.9,POINT,51.080556,-97.649167,,,,,,,,,Canada
CFSK-DT,TV_CA,42,3441,0,0,DT,30000.000,8102,0.0,720.4,182.9,200.5,POINT,52.174444,-106.435278,,,,,,,,,Canada
CFQC-DT,TV_CA,8,3836,0,0,DT,13000.000,8722,0.0,790.6,205.2,267.9,POINT,52.191667,-106.387500,,,,,,,,,Canada
CFRN-TV-7,TV_CA,7,3847,0,0,TX,21000.000,2497,0.0,934.8,162.5,220.0,POINT,52.537500,-111.519444,,,,,,,,,Canada
CFCN-TV-16,TV_CA,2,5776,0,0,TX,710.000,2407,0.0,869.0,90.8,110.5,POINT,51.355556,-110.383889,,,,,,,,,Canada
CFQC-TV-1,TV_CA,3,3837,0,0,TX,100000.000,0,0.0,937.4,168.5,268.1,POINT,51.681944,-108.513333,,,,,,,,,Canada
CKMC-TV,TV_CA,12,1649,0,0,TX,100000.000,3365,0.0,938.5,118.9,167.3,POINT,50.308611,-107.877222,,,,,,,,,Canada
CHAT-TV-1,TV_CA,4,5629,0,0,TX,4900.000,2417,0.0,974.9,161.2,191.1,POINT,50.403889,-110.052778,,,,,,,,,Canada
CFCN-TV-8,TV_CA,8,4933,0,0,TX,24600.000,5130,0.0,894.6,180.5,141.3,POINT,50.162500,-110.956389,,,,,,,,,Canada
CHAT-TV-2,TV_CA,6,5630,0,0,TX,52.000,0,0.0,784.9,43.9,0.0,POINT,49.922778,-109.461667,,,,,,,,,Canada
CKMC-TV-1,TV_CA,10,4655,0,0,TX,229000.000,2182,0.0,911.3,182.9,168.8,POINT,50.205556,-109.596111,,,,,,,,,Canada
CISH-TV,TV_CA,10,2324,0,0,TX,50.000,0,0.0,951.0,18.2,0.0,POINT,49.632222,-108.404722,,,,,,,,,Canada
CKCK-TV-2,TV_CA,6,5627,0,0,TX,52700.000,2179,0.0,1062.6,206.4,263.4,POINT,49.350833,-105.635556,,,,,,,,,Canada
CKMJ-TV,TV_CA,7,5628,0,0,TX,98000.000,2148,0.0,831.2,246.9,234.1,POINT,50.645278,-105.769167,,,,,,,,,Canada
CFRE-DT,TV_CA,11,3523,0,0,DT,17400.000,7867,0.0,858.4,300.7,300.0,POINT,50.595556,-105.070000,,,,,,,,,Canada
CIWH-TV,TV_CA,12,390,0,0,TX,140000.000,2158,0.0,757.4,161.9,170.7,POINT,51.708333,-104.299444,,,,,,,,,Canada
CKCK-TV-7,TV_CA,7,4706,0,0,TX,241.000,0,0.0,597.4,36.6,26.2,POINT,50.783333,-103.784722,,,,,,,,,Canada
CFRE-TV-2,TV_CA,6,4847,0,0,TX,61.000,0,0.0,556.3,23.8,0.0,POINT,50.753056,-103.682222,,,,,,,,,Canada
CKCK-DT,TV_CA,8,1986,0,0,DT,23000.000,8020,0.0,779.9,213.4,187.2,POINT,50.449722,-104.501389,,,,,,,,,Canada
CBKFT-DT,TV_CA,13,983,0,0,DT,27100.000,8467,0.0,784.3,224.0,183.7,POINT,50.482778,-104.506389,,,,,,,,,Canada
CBKT-DT,TV_CA,9,983,0,0,DT,60000.000,8493,0.0,807.8,224.0,207.2,POINT,50.482778,-104.506389,,,,,,,,,Canada
CKCK-TV-1,TV_CA,12,5626,0,0,TX,84800.000,2156,0.0,752.2,177.1,162.2,POINT,49.437778,-103.798611,,,,,,,,,Canada
CKNX-TV,TV_CA,8,3854,0,0,TX,260000.000,1786,0.0,540.4,198.1,241.7,POINT,44.090556,-81.206944,,,,,,,,,Canada
CIII-TV-4,TV_CA,4,3720,0,0,TX,37000.000,1784,0.0,406.8,145.3,130.8,POINT,44.445833,-80.999722,,,,,,,,,Canada
CIII-DT-4,TV_CA,26,3720,0,0,DT,192000.000,9344,0.0,407.0,145.3,132.0,POINT,44.445833,-80.999722,,,,,,,,,Canada
CKVR-DT,TV_CA,10,4790,0,0,DT,11000.000,8482,0.0,586.1,287.5,332.3,POINT,44.351389,-79.698333,,,,,,,,,Canada
CFMT-DT,TV_CA,47,1816,0,0,DT,22200.000,8123,0.0,608.1,624.5,501.4,POINT,43.642500,-79.387222,,,,,,,,,Canada
CITY-DT,TV_CA,44,1014,0,0,DT,21000.000,8132,0.0,608.1,624.5,501.4,POINT,43.642500,-79.387222,,,,,,,,,Canada
CJMT-DT(2),TV_CA,40,1816,0,0,DT,19500.000,8988,0.0,608.1,542.5,501.4,POINT,43.642500,-79.387222,,,,,,,,,Canada
CICA-DT,TV_CA,19,828,0,0,DT,106500.000,8117,0.0,597.8,550.0,491.0,POINT,43.642500,-79.387222,,,,,,,,,Canada
CIII-DT-41,TV_CA,41,3718,0,0,DT,100000.000,7802,0.0,608.0,553.0,503.0,POINT,43.642500,-79.387222,,,,,,,,,Canada
CBLT-DT(1),TV_CA,20,295,0,0,DT,106900.000,8160,0.0,597.8,550.0,491.0,POINT,43.642500,-79.387222,,,,,,,,,Canada
CBLFT-DT(1),TV_CA,25,295,0,0,DT,106200.000,8149,0.0,597.8,550.0,491.0,POINT,43.642500,-79.387222,,,,,,,,,Canada
CFTO-DT,TV_CA,9,479,0,0,DT,10800.000,7817,0.0,573.6,542.9,467.0,POINT,43.642500,-79.387222,,,,,,,,,Canada
CKCO-DT,TV_CA,13,3896,0,0,DT,12000.000,8009,0.0,638.0,215.7,291.9,POINT,43.404167,-80.634444,,,,,,,,,Canada
CIII-DT(1),TV_CA,17,1011,0,0,DT,165000.000,9492,0.0,563.8,312.1,272.0,POINT,43.260833,-80.443889,,,,,,,,,Canada
CITY-DT-2,TV_CA,31,3487,0,0,DT,20000.000,8091,0.0,588.2,245.0,293.0,POINT,43.046111,-80.767778,,,,,,,,,Canada
CICO-DT-28,TV_CA,28,5614,0,0,DT,20200.000,7981,0.0,579.7,316.6,289.5,POINT,43.261389,-80.444722,,,,,,,,,Canada
CIII-DT,TV_CA,6,1011,0,0,DT,4000.000,8034,0.0,603.2,312.1,311.3,POINT,43.260833,-80.443889,,,,,,,,,Canada
CHCJ-DT(1),TV_CA,35,9468,0,0,DT,26000.000,9362,0.0,279.0,86.1,108.0,POINT,43.231667,-79.859167,,,,,,,,,Canada
CITS-DT,TV_CA,36,6111,0,0,DT,473000.000,9566,0.0,485.5,333.0,335.0,POINT,43.207500,-79.774167,,,,,,,,,Canada
CHCJ-DT,TV_CA,35,9468,0,0,DT,25000.000,8333,0.0,395.5,333.1,248.1,POINT,43.207500,-79.774167,,,,,,,,,Canada
CHCH-DT,TV_CA,15,328,0,0,DT,132000.000,9029,0.0,485.5,333.0,335.0,POINT,43.207500,-79.774167,,,,,,,,,Canada
CFPL-DT,TV_CA,10,3830,0,0,DT,45000.000,8382,0.0,561.8,294.1,299.7,POINT,42.949722,-81.264444,,,,,,,,,Canada
CITS-DT-2,TV_CA,14,7047,0,0,DT,4000.000,8095,0.0,524.0,300.0,266.0,POINT,42.955556,-81.355278,,,,,,,,,Canada
CJMT-DT-1,TV_CA,20,7168,0,0,DT,14000.000,8055,0.0,454.2,299.9,197.6,POINT,42.955556,-81.355278,,,,,,,,,Canada
CFMT-DT-1,TV_CA,48,4570,0,0,DT,25000.000,8084,0.0,454.2,299.9,197.6,POINT,42.955556,-81.355278,,,,,,,,,Canada
CICO-DT-18,TV_CA,18,5613,0,0,DT,2400.000,7958,0.0,573.2,299.9,316.0,POINT,42.954444,-81.354722,,,,,,,,,Canada
CIII-TV-29,TV_CA,29,3716,0,0,TX,370000.000,1956,0.0,403.2,213.7,208.8,POINT,42.722500,-82.166389,,,,,,,,,Canada
CKCO-TV-3,TV_CA,42,3897,0,0,TX,846000.000,2005,0.0,497.6,304.8,303.0,POINT,42.714722,-82.136389,,,,,,,,,Canada
CIII-DT-29,TV_CA,29,3716,0,0,DT,184000.000,9387,0.0,403.0,214.0,209.0,POINT,42.722500,-82.166389,,,,,,,,,Canada
CHCH-DT-2,TV_CA,51,6224,0,0,DT,190000.000,8471,0.0,515.2,306.5,296.5,POINT,42.840833,-81.858056,,,,,,,,,Canada
CICO-DT-59,TV_CA,33,5616,0,0,DT,2500.000,8425,0.0,404.2,225.0,218.5,POINT,42.449444,-82.083611,,,,,,,,,Canada
CHWI-DT,TV_CA,16,5376,0,0,DT,3400.000,8198,0.0,349.1,173.7,168.2,POINT,42.141667,-82.446667,,,,,,,,,Canada
CBET-DT,TV_CA,9,1063,0,0,DT,26000.000,8501,0.0,370.5,222.5,186.1,POINT,42.153333,-82.953056,,,,,,,,,Canada
CIII-DT-22,TV_CA,22,3725,0,0,DT,49000.000,7810,0.0,290.8,123.7,110.0,POINT,42.061389,-82.484722,,,,,,,,,Canada
CFTV-DT,TV_CA,34,7106,0,0,DT,621.000,8806,0.0,243.0,49.0,56.0,POINT,42.040833,-82.599444,,,,,,,,,Canada
CFTV-TV,TV_CA,34,7106,0,0,TX,3700.000,7596,0.0,242.9,48.0,61.0,POINT,42.040833,-82.599444,,,,,,,,,Canada
CFTV-DT(1),TV_CA,34,7106,0,0,DT,1000.000,9591,0.0,229.0,24.5,27.0,POINT,42.073333,-82.631667,,,,,,,,,Canada
CICO-DT-32,TV_CA,32,5615,0,0,DT,19000.000,7985,0.0,400.2,222.5,214.3,POINT,42.153333,-82.953056,,,,,,,,,Canada
CHWI-DT-60,TV_CA,26,5939,0,0,DT,200.000,8092,0.0,277.0,96.0,93.8,POINT,42.316111,-83.040000,,,,,,,,,Canada
